index,humid_id10,humid_id12,humid_id21,humid_id3,humid_id8,temp_id10,temp_id12,temp_id21,temp_id3,temp_id8
0,,,,,,,,,41.0,
1,,,,,,,,,,39.6
2,,,,,,39.8,,,,
3,,,,,,,39.2,,,
4,,,,,,,,40.9,,
5,,,,28.5,,,,,,
6,,,,,30.0,,,,,
7,29.9,,,,,,,,,
8,,31.2,,,,,,,,
9,,,28.7,,,,,,,
10,,,,,,,,,41.0,
11,,,,,,,,,,39.6
12,,,,,,39.9,,,,
13,,,,,,,39.2,,,
14,,,,,,,,40.9,,
15,,,,28.1,,,,,,
16,,,,,29.6,,,,,
17,29.6,,,,,,,,,
18,,31.0,,,,,,,,
19,,,28.2,,,,,,,
20,,,,,,,,,41.0,
21,,,,,,,,,,39.6
22,,,,,,39.9,,,,
23,,,,,,,39.3,,,
24,,,,,,,,40.9,,
25,,,,28.3,,,,,,
26,,,,,29.7,,,,,
27,29.7,,,,,,,,,
28,,31.0,,,,,,,,
29,,,28.4,,,,,,,
30,,,,,,,,,41.0,
31,,,,,,,,,,39.6
32,,,,,,39.8,,,,
33,,,,,,,39.3,,,
34,,,,,,,,40.9,,
35,,,,28.6,,,,,,
36,,,,,30.1,,,,,
37,30.0,,,,,,,,,
38,,31.4,,,,,,,,
39,,,28.8,,,,,,,
40,,,,,,,,,41.0,
41,,,,,,,,,,39.6
42,,,,,,39.9,,,,
43,,,,,,,39.3,,,
44,,,,,,,,40.9,,
45,,,,28.6,,,,,,
46,,,,,30.1,,,,,
47,30.1,,,,,,,,,
48,,31.4,,,,,,,,
49,,,28.7,,,,,,,
50,,,,,,,,,40.9,
51,,,,,,,,,,39.6
52,,,,,,39.9,,,,
53,,,,,,,39.3,,,
54,,,,,,,,40.9,,
55,,,,28.6,,,,,,
56,,,,,30.0,,,,,
57,30.0,,,,,,,,,
58,,31.3,,,,,,,,
59,,,28.7,,,,,,,
60,,,,,,,,,41.0,
61,,,,,,,,,,39.6
62,,,,,,39.9,,,,
63,,,,,,,39.3,,,
64,,,,,,,,40.9,,
65,,,,28.5,,,,,,
66,,,,,29.9,,,,,
67,29.8,,,,,,,,,
68,,31.2,,,,,,,,
69,,,28.6,,,,,,,
70,,,,,,,,,40.9,
71,,,,,,,,,,39.6
72,,,,,,39.9,,,,
73,,,,,,,39.2,,,
74,,,,,,,,40.9,,
75,,,,28.4,,,,,,
76,,,,,29.8,,,,,
77,29.8,,,,,,,,,
78,,31.1,,,,,,,,
79,,,28.6,,,,,,,
80,,,,,,,,,41.0,
81,,,,,,,,,,39.7
82,,,,,,39.9,,,,
83,,,,,,,39.2,,,
84,,,,,,,,40.9,,
85,,,,28.5,,,,,,
86,,,,,29.8,,,,,
87,29.9,,,,,,,,,
88,,31.2,,,,,,,,
89,,,28.6,,,,,,,
90,,,,,,,,,40.9,
91,,,,,,,,,,39.6
92,,,,,,39.8,,,,
93,,,,,,,39.2,,,
94,,,,,,,,40.9,,
95,,,,28.4,,,,,,
96,,,,,29.8,,,,,
97,29.9,,,,,,,,,
98,,31.2,,,,,,,,
99,,,28.5,,,,,,,
100,,,,,,,,,41.0,
101,,,,,,,,,,39.6
102,,,,,,39.8,,,,
103,,,,,,,39.3,,,
104,,,,,,,,40.9,,
105,,,,28.4,,,,,,
106,,,,,29.8,,,,,
107,29.8,,,,,,,,,
108,,31.2,,,,,,,,
109,,,28.4,,,,,,,
110,,,,,,,,,40.9,
111,,,,,,,,,,39.6
112,,,,,,39.8,,,,
113,,,,,,,39.2,,,
114,,,,,,,,40.9,,
115,,,,28.3,,,,,,
116,,,,,29.7,,,,,
117,29.8,,,,,,,,,
118,,31.1,,,,,,,,
119,,,28.5,,,,,,,
120,,,,,,,,,40.9,
121,,,,,,,,,,39.6
122,,,,,,39.8,,,,
123,,,,,,,39.2,,,
124,,,,,,,,41.0,,
125,,,,28.6,,,,,,
126,,,,,29.9,,,,,
127,30.0,,,,,,,,,
128,,31.4,,,,,,,,
129,,,28.6,,,,,,,
130,,,,,,,,,40.9,
131,,,,,,,,,,39.6
132,,,,,,39.8,,,,
133,,,,,,,39.3,,,
134,,,,,,,,40.9,,
135,,,,28.5,,,,,,
136,,,,,29.9,,,,,
137,29.9,,,,,,,,,
138,,31.2,,,,,,,,
139,,,28.6,,,,,,,
140,,,,,,,,,40.9,
141,,,,,,,,,,39.6
142,,,,,,39.8,,,,
143,,,,,,,39.3,,,
144,,,,,,,,40.9,,
145,,,,28.6,,,,,,
146,,,,,30.1,,,,,
147,30.1,,,,,,,,,
148,,31.4,,,,,,,,
149,,,28.8,,,,,,,
150,,,,,,,,,41.0,
151,,,,,,,,,,39.6
152,,,,,,39.8,,,,
153,,,,,,,39.3,,,
154,,,,,,,,40.9,,
155,,,,28.6,,,,,,
156,,,,,30.0,,,,,
157,30.1,,,,,,,,,
158,,31.4,,,,,,,,
159,,,28.7,,,,,,,
160,,,,,,,,,41.0,
161,,,,,,,,,,39.6
162,,,,,,39.8,,,,
163,,,,,,,39.3,,,
164,,,,,,,,40.9,,
165,,,,28.5,,,,,,
166,,,,,29.9,,,,,
167,30.0,,,,,,,,,
168,,31.3,,,,,,,,
169,,,28.6,,,,,,,
170,,,,,,,,,41.0,
171,,,,,,,,,,39.6
172,,,,,,39.8,,,,
173,,,,,,,39.2,,,
174,,,,,,,,40.9,,
175,,,,28.5,,,,,,
176,,,,,30.0,,,,,
177,30.0,,,,,,,,,
178,,31.3,,,,,,,,
179,,,28.6,,,,,,,
180,,,,,,,,,41.0,
181,,,,,,,,,,39.6
182,,,,,,39.8,,,,
183,,,,,,,39.2,,,
184,,,,,,,,40.9,,
185,,,,28.6,,,,,,
186,,,,,29.9,,,,,
187,30.0,,,,,,,,,
188,,31.3,,,,,,,,
189,,,28.7,,,,,,,
190,,,,,,,,,41.0,
191,,,,,,,,,,39.5
192,,,,,,39.8,,,,
193,,,,,,,39.3,,,
194,,,,,,,,40.9,,
195,,,,28.4,,,,,,
196,,,,,29.9,,,,,
197,29.8,,,,,,,,,
198,,31.1,,,,,,,,
199,,,28.6,,,,,,,
200,,,,,,,,,40.9,
201,,,,,,,,,,39.5
202,,,,,,39.9,,,,
203,,,,,,,39.2,,,
204,,,,,,,,40.9,,
205,,,,28.5,,,,,,
206,,,,,30.0,,,,,
207,29.9,,,,,,,,,
208,,31.2,,,,,,,,
209,,,28.6,,,,,,,
210,,,,,,,,,40.9,
211,,,,,,,,,,39.5
212,,,,,,39.8,,,,
213,,,,,,,39.2,,,
214,,,,,,,,40.9,,
215,,,,28.4,,,,,,
216,,,,,29.9,,,,,
217,29.9,,,,,,,,,
218,,31.2,,,,,,,,
219,,,28.6,,,,,,,
220,,,,,,,,,40.9,
221,,,,,,,,,,39.5
222,,,,,,39.8,,,,
223,,,,,,,39.2,,,
224,,,,,,,,40.8,,
225,,,,28.5,,,,,,
226,,,,,30.0,,,,,
227,30.0,,,,,,,,,
228,,31.3,,,,,,,,
229,,,28.7,,,,,,,
230,,,,,,,,,40.9,
231,,,,,,,,,,39.5
232,,,,,,39.8,,,,
233,,,,,,,39.2,,,
234,,,,,,,,40.9,,
235,,,,28.5,,,,,,
236,,,,,30.0,,,,,
237,29.9,,,,,,,,,
238,,31.2,,,,,,,,
239,,,28.6,,,,,,,
240,,,,,,,,,40.9,
241,,,,,,,,,,39.5
242,,,,,,39.8,,,,
243,,,,,,,39.2,,,
244,,,,,,,,40.8,,
245,,,,28.3,,,,,,
246,,,,,29.8,,,,,
247,29.7,,,,,,,,,
248,,31.1,,,,,,,,
249,,,28.5,,,,,,,
250,,,,,,,,,40.9,
251,,,,,,,,,,39.5
252,,,,,,39.8,,,,
253,,,,,,,39.2,,,
254,,,,,,,,40.8,,
255,,,,28.5,,,,,,
256,,,,,29.9,,,,,
257,29.9,,,,,,,,,
258,,31.2,,,,,,,,
259,,,28.6,,,,,,,
260,,,,,,,,,40.9,
261,,,,,,,,,,39.5
262,,,,,,39.8,,,,
263,,,,,,,39.2,,,
264,,,,,,,,40.9,,
265,,,,28.6,,,,,,
266,,,,,30.0,,,,,
267,30.0,,,,,,,,,
268,,31.4,,,,,,,,
269,,,28.8,,,,,,,
270,,,,,,,,,40.9,
271,,,,,,,,,,39.5
272,,,,,,39.8,,,,
273,,,,,,,39.2,,,
274,,,,,,,,40.9,,
275,,,,28.5,,,,,,
276,,,,,30.0,,,,,
277,29.9,,,,,,,,,
278,,31.2,,,,,,,,
279,,,28.6,,,,,,,
280,,,,,,,,,40.9,
281,,,,,,,,,,39.5
282,,,,,,39.8,,,,
283,,,,,,,39.2,,,
284,,,,,,,,40.9,,
285,,,,28.3,,,,,,
286,,,,,29.7,,,,,
287,29.6,,,,,,,,,
288,,30.9,,,,,,,,
289,,,28.5,,,,,,,
290,,,,,,,,,40.9,
291,,,,,,,,,,39.5
292,,,,,,39.9,,,,
293,,,,,,,39.3,,,
294,,,,,,,,40.8,,
295,,,,28.5,,,,,,
296,,,,,29.9,,,,,
297,29.9,,,,,,,,,
298,,31.2,,,,,,,,
299,,,28.7,,,,,,,
300,,,,,,,,,40.9,
301,,,,,,,,,,39.5
302,,,,,,39.9,,,,
303,,,,,,,39.3,,,
304,,,,,,,,40.9,,
305,,,,28.6,,,,,,
306,,,,,30.0,,,,,
307,29.9,,,,,,,,,
308,,31.2,,,,,,,,
309,,,28.7,,,,,,,
310,,,,,,,,,40.9,
311,,,,,,,,,,39.6
312,,,,,,39.8,,,,
313,,,,,,,39.2,,,
314,,,,,,,,40.9,,
315,,,,28.5,,,,,,
316,,,,,29.9,,,,,
317,29.9,,,,,,,,,
318,,31.2,,,,,,,,
319,,,28.6,,,,,,,
320,,,,,,,,,40.9,
321,,,,,,,,,,39.5
322,,,,,,39.9,,,,
323,,,,,,,39.2,,,
324,,,,,,,,40.8,,
325,,,,28.5,,,,,,
326,,,,,30.0,,,,,
327,30.0,,,,,,,,,
328,,31.3,,,,,,,,
329,,,28.7,,,,,,,
330,,,,,,,,,40.9,
331,,,,,,,,,,39.5
332,,,,,,39.8,,,,
333,,,,,,,39.3,,,
334,,,,,,,,40.8,,
335,,,,28.4,,,,,,
336,,,,,29.9,,,,,
337,29.9,,,,,,,,,
338,,31.1,,,,,,,,
339,,,28.6,,,,,,,
340,,,,,,,,,40.9,
341,,,,,,,,,,39.5
342,,,,,,39.8,,,,
343,,,,,,,39.3,,,
344,,,,,,,,40.8,,
345,,,,28.5,,,,,,
346,,,,,29.8,,,,,
347,29.9,,,,,,,,,
348,,31.1,,,,,,,,
349,,,28.6,,,,,,,
350,,,,,,,,,40.8,
351,,,,,,,,,,39.5
352,,,,,,39.8,,,,
353,,,,,,,39.3,,,
354,,,,,,,,40.8,,
355,,,,28.5,,,,,,
356,,,,,29.9,,,,,
357,29.9,,,,,,,,,
358,,31.1,,,,,,,,
359,,,28.7,,,,,,,
360,,,,,,,,,40.9,
361,,,,,,,,,,39.5
362,,,,,,39.8,,,,
363,,,,,,,39.3,,,
364,,,,,,,,40.8,,
365,,,,28.5,,,,,,
366,,,,,30.0,,,,,
367,30.0,,,,,,,,,
368,,31.2,,,,,,,,
369,,,28.7,,,,,,,
370,,,,,,,,,40.9,
371,,,,,,,,,,39.5
372,,,,,,39.8,,,,
373,,,,,,,39.3,,,
374,,,,,,,,40.8,,
375,,,,28.5,,,,,,
376,,,,,30.0,,,,,
377,29.9,,,,,,,,,
378,,31.2,,,,,,,,
379,,,28.7,,,,,,,
380,,,,,,,,,40.9,
381,,,,,,,,,,39.5
382,,,,,,39.8,,,,
383,,,,,,,39.3,,,
384,,,,,,,,40.8,,
385,,,,28.4,,,,,,
386,,,,,29.9,,,,,
387,29.8,,,,,,,,,
388,,31.0,,,,,,,,
389,,,28.6,,,,,,,
390,,,,,,,,,40.9,
391,,,,,,,,,,39.5
392,,,,,,39.8,,,,
393,,,,,,,39.3,,,
394,,,,,,,,40.8,,
395,,,,28.6,,,,,,
396,,,,,30.1,,,,,
397,29.9,,,,,,,,,
398,,31.2,,,,,,,,
399,,,28.8,,,,,,,
400,,,,,,,,,40.9,
401,,,,,,,,,,39.5
402,,,,,,39.8,,,,
403,,,,,,,39.3,,,
404,,,,,,,,40.8,,
405,,,,28.6,,,,,,
406,,,,,30.0,,,,,
407,30.0,,,,,,,,,
408,,31.2,,,,,,,,
409,,,28.8,,,,,,,
410,,,,,,,,,40.9,
411,,,,,,,,,,39.5
412,,,,,,39.8,,,,
413,,,,,,,39.3,,,
414,,,,,,,,40.8,,
415,,,,28.5,,,,,,
416,,,,,30.0,,,,,
417,30.0,,,,,,,,,
418,,31.1,,,,,,,,
419,,,28.7,,,,,,,
420,,,,,,,,,40.9,
421,,,,,,,,,,39.4
422,,,,,,39.8,,,,
423,,,,,,,39.3,,,
424,,,,,,,,40.8,,
425,,,,28.6,,,,,,
426,,,,,30.0,,,,,
427,29.9,,,,,,,,,
428,,31.1,,,,,,,,
429,,,28.7,,,,,,,
430,,,,,,,,,40.9,
431,,,,,,,,,,39.5
432,,,,,,39.8,,,,
433,,,,,,,39.3,,,
434,,,,,,,,40.8,,
435,,,,28.2,,,,,,
436,,,,,29.6,,,,,
437,29.6,,,,,,,,,
438,,30.8,,,,,,,,
439,,,28.4,,,,,,,
440,,,,,,,,,40.9,
441,,,,,,,,,,39.5
442,,,,,,39.8,,,,
443,,,,,,,39.3,,,
444,,,,,,,,40.9,,
445,,,,28.1,,,,,,
446,,,,,29.7,,,,,
447,29.6,,,,,,,,,
448,,30.9,,,,,,,,
449,,,28.4,,,,,,,
450,,,,,,,,,40.9,
451,,,,,,,,,,39.5
452,,,,,,39.8,,,,
453,,,,,,,39.3,,,
454,,,,,,,,40.8,,
455,,,,28.6,,,,,,
456,,,,,30.2,,,,,
457,30.1,,,,,,,,,
458,,31.3,,,,,,,,
459,,,28.8,,,,,,,
460,,,,,,,,,40.9,
461,,,,,,,,,,39.5
462,,,,,,39.8,,,,
463,,,,,,,39.3,,,
464,,,,,,,,40.8,,
465,,,,28.7,,,,,,
466,,,,,30.2,,,,,
467,30.1,,,,,,,,,
468,,31.4,,,,,,,,
469,,,28.9,,,,,,,
470,,,,,,,,,40.9,
471,,,,,,,,,,39.5
472,,,,,,39.8,,,,
473,,,,,,,39.2,,,
474,,,,,,,,40.8,,
475,,,,28.7,,,,,,
476,,,,,30.1,,,,,
477,30.1,,,,,,,,,
478,,31.4,,,,,,,,
479,,,28.9,,,,,,,
480,,,,,,,,,40.9,
481,,,,,,,,,,39.5
482,,,,,,39.8,,,,
483,,,,,,,39.2,,,
484,,,,,,,,40.8,,
485,,,,28.5,,,,,,
486,,,,,30.0,,,,,
487,30.0,,,,,,,,,
488,,31.2,,,,,,,,
489,,,28.7,,,,,,,
490,,,,,,,,,40.9,
491,,,,,,,,,,39.5
492,,,,,,39.8,,,,
493,,,,,,,39.3,,,
494,,,,,,,,40.8,,
495,,,,28.5,,,,,,
496,,,,,30.0,,,,,
497,30.0,,,,,,,,,
498,,31.2,,,,,,,,
499,,,28.7,,,,,,,
500,,,,,,,,,40.9,
501,,,,,,,,,,39.5
502,,,,,,39.8,,,,
503,,,,,,,39.2,,,
504,,,,,,,,40.8,,
505,,,,28.5,,,,,,
506,,,,,30.0,,,,,
507,29.9,,,,,,,,,
508,,31.2,,,,,,,,
509,,,28.7,,,,,,,
510,,,,,,,,,40.9,
511,,,,,,,,,,39.5
512,,,,,,39.8,,,,
513,,,,,,,39.2,,,
514,,,,,,,,40.8,,
515,,,,28.5,,,,,,
516,,,,,30.0,,,,,
517,30.0,,,,,,,,,
518,,31.2,,,,,,,,
519,,,28.8,,,,,,,
520,,,,,,,,,40.9,
521,,,,,,,,,,39.5
522,,,,,,39.8,,,,
523,,,,,,,39.3,,,
524,,,,,,,,40.8,,
525,,,,28.4,,,,,,
526,,,,,29.9,,,,,
527,29.9,,,,,,,,,
528,,31.1,,,,,,,,
529,,,28.5,,,,,,,
530,,,,,,,,,40.9,
531,,,,,,,,,,39.5
532,,,,,,39.8,,,,
533,,,,,,,39.2,,,
534,,,,,,,,40.8,,
535,,,,28.4,,,,,,
536,,,,,30.0,,,,,
537,29.9,,,,,,,,,
538,,31.1,,,,,,,,
539,,,28.6,,,,,,,
540,,,,,,,,,40.9,
541,,,,,,,,,,39.5
542,,,,,,39.8,,,,
543,,,,,,,39.3,,,
544,,,,,,,,40.8,,
545,,,,28.3,,,,,,
546,,,,,29.9,,,,,
547,29.8,,,,,,,,,
548,,31.0,,,,,,,,
549,,,28.6,,,,,,,
550,,,,,,,,,40.9,
551,,,,,,,,,,39.5
552,,,,,,39.8,,,,
553,,,,,,,39.3,,,
554,,,,,,,,40.9,,
555,,,,28.4,,,,,,
556,,,,,29.7,,,,,
557,29.8,,,,,,,,,
558,,30.9,,,,,,,,
559,,,28.6,,,,,,,
560,,,,,,,,,40.9,
561,,,,,,,,,,39.5
562,,,,,,39.8,,,,
563,,,,,,,39.3,,,
564,,,,,,,,40.9,,
565,,,,28.5,,,,,,
566,,,,,29.9,,,,,
567,29.9,,,,,,,,,
568,,31.1,,,,,,,,
569,,,28.7,,,,,,,
570,,,,,,,,,40.9,
571,,,,,,,,,,39.5
572,,,,,,39.9,,,,
573,,,,,,,39.3,,,
574,,,,,,,,40.9,,
575,,,,28.7,,,,,,
576,,,,,30.0,,,,,
577,30.0,,,,,,,,,
578,,31.3,,,,,,,,
579,,,28.7,,,,,,,
580,,,,,,,,,40.9,
581,,,,,,,,,,39.5
582,,,,,,39.8,,,,
583,,,,,,,39.3,,,
584,,,,,,,,40.9,,
585,,,,28.6,,,,,,
586,,,,,30.0,,,,,
587,30.1,,,,,,,,,
588,,31.3,,,,,,,,
589,,,28.8,,,,,,,
590,,,,,,,,,40.9,
591,,,,,,,,,,39.5
592,,,,,,39.8,,,,
593,,,,,,,39.3,,,
594,,,,,,,,40.9,,
595,,,,28.5,,,,,,
596,,,,,29.9,,,,,
597,29.9,,,,,,,,,
598,,31.1,,,,,,,,
599,,,28.7,,,,,,,
600,,,,,,,,,40.9,
601,,,,,,,,,,39.5
602,,,,,,39.8,,,,
603,,,,,,,39.3,,,
604,,,,,,,,40.8,,
605,,,,28.7,,,,,,
606,,,,,30.1,,,,,
607,29.9,,,,,,,,,
608,,31.2,,,,,,,,
609,,,28.9,,,,,,,
610,,,,,,,,,40.9,
611,,,,,,,,,,39.5
612,,,,,,39.8,,,,
613,,,,,,,39.3,,,
614,,,,,,,,40.9,,
615,,,,28.6,,,,,,
616,,,,,30.1,,,,,
617,30.0,,,,,,,,,
618,,31.3,,,,,,,,
619,,,28.8,,,,,,,
620,,,,,,,,,40.9,
621,,,,,,,,,,39.5
622,,,,,,39.9,,,,
623,,,,,,,39.3,,,
624,,,,,,,,40.8,,
625,,,,28.5,,,,,,
626,,,,,29.9,,,,,
627,29.9,,,,,,,,,
628,,31.2,,,,,,,,
629,,,28.7,,,,,,,
630,,,,,,,,,40.9,
631,,,,,,,,,,39.5
632,,,,,,39.9,,,,
633,,,,,,,39.3,,,
634,,,,,,,,40.8,,
635,,,,28.4,,,,,,
636,,,,,30.0,,,,,
637,29.9,,,,,,,,,
638,,31.0,,,,,,,,
639,,,28.7,,,,,,,
640,,,,,,,,,40.9,
641,,,,,,,,,,39.5
642,,,,,,39.8,,,,
643,,,,,,,39.3,,,
644,,,,,,,,40.8,,
645,,,,28.4,,,,,,
646,,,,,29.8,,,,,
647,29.8,,,,,,,,,
648,,31.1,,,,,,,,
649,,,28.6,,,,,,,
650,,,,,,,,,40.9,
651,,,,,,,,,,39.5
652,,,,,,39.8,,,,
653,,,,,,,39.3,,,
654,,,,,,,,40.8,,
655,,,,28.5,,,,,,
656,,,,,30.0,,,,,
657,30.0,,,,,,,,,
658,,31.2,,,,,,,,
659,,,28.8,,,,,,,
660,,,,,,,,,40.9,
661,,,,,,,,,,39.5
662,,,,,,39.9,,,,
663,,,,,,,39.3,,,
664,,,,,,,,40.8,,
665,,,,28.6,,,,,,
666,,,,,30.1,,,,,
667,30.0,,,,,,,,,
668,,31.3,,,,,,,,
669,,,28.8,,,,,,,
670,,,,,,,,,40.9,
671,,,,,,,,,,39.6
672,,,,,,39.9,,,,
673,,,,,,,39.3,,,
674,,,,,,,,40.9,,
675,,,,28.5,,,,,,
676,,,,,29.9,,,,,
677,29.9,,,,,,,,,
678,,31.2,,,,,,,,
679,,,28.7,,,,,,,
680,,,,,,,,,41.0,
681,,,,,,,,,,39.6
682,,,,,,39.8,,,,
683,,,,,,,39.3,,,
684,,,,,,,,40.9,,
685,,,,28.6,,,,,,
686,,,,,30.0,,,,,
687,30.0,,,,,,,,,
688,,31.2,,,,,,,,
689,,,28.8,,,,,,,
690,,,,,,,,,41.0,
691,,,,,,,,,,39.6
692,,,,,,39.9,,,,
693,,,,,,,39.4,,,
694,,,,,,,,40.9,,
695,,,,28.4,,,,,,
696,,,,,29.8,,,,,
697,29.8,,,,,,,,,
698,,31.1,,,,,,,,
699,,,28.7,,,,,,,
700,,,,,,,,,41.0,
701,,,,,,,,,,39.6
702,,,,,,39.9,,,,
703,,,,,,,39.4,,,
704,,,,,,,,40.8,,
705,,,,28.5,,,,,,
706,,,,,30.0,,,,,
707,29.9,,,,,,,,,
708,,31.1,,,,,,,,
709,,,28.8,,,,,,,
710,,,,,,,,,41.0,
711,,,,,,,,,,39.6
712,,,,,,39.9,,,,
713,,,,,,,39.3,,,
714,,,,,,,,40.8,,
715,,,,28.5,,,,,,
716,,,,,29.9,,,,,
717,29.9,,,,,,,,,
718,,31.2,,,,,,,,
719,,,28.6,,,,,,,
720,,,,,,,,,41.0,
721,,,,,,,,,,39.6
722,,,,,,39.9,,,,
723,,,,,,,39.4,,,
724,,,,,,,,40.9,,
725,,,,28.4,,,,,,
726,,,,,29.8,,,,,
727,29.9,,,,,,,,,
728,,31.0,,,,,,,,
729,,,28.5,,,,,,,
730,,,,,,,,,41.0,
731,,,,,,,,,,39.6
732,,,,,,39.9,,,,
733,,,,,,,39.3,,,
734,,,,,,,,40.9,,
735,,,,28.5,,,,,,
736,,,,,30.0,,,,,
737,30.0,,,,,,,,,
738,,31.1,,,,,,,,
739,,,28.7,,,,,,,
740,,,,,,,,,40.9,
741,,,,,,,,,,39.6
742,,,,,,39.9,,,,
743,,,,,,,39.3,,,
744,,,,,,,,40.9,,
745,,,,28.4,,,,,,
746,,,,,29.9,,,,,
747,29.9,,,,,,,,,
748,,31.1,,,,,,,,
749,,,28.7,,,,,,,
750,,,,,,,,,40.9,
751,,,,,,,,,,39.5
752,,,,,,39.9,,,,
753,,,,,,,39.4,,,
754,,,,,,,,40.9,,
755,,,,28.4,,,,,,
756,,,,,29.8,,,,,
757,29.8,,,,,,,,,
758,,31.0,,,,,,,,
759,,,28.7,,,,,,,
760,,,,,,,,,40.9,
761,,,,,,,,,,39.5
762,,,,,,39.9,,,,
763,,,,,,,39.4,,,
764,,,,,,,,40.8,,
765,,,,28.6,,,,,,
766,,,,,30.1,,,,,
767,30.0,,,,,,,,,
768,,31.3,,,,,,,,
769,,,28.9,,,,,,,
770,,,,,,,,,41.0,
771,,,,,,,,,,39.5
772,,,,,,39.9,,,,
773,,,,,,,39.4,,,
774,,,,,,,,40.9,,
775,,,,28.6,,,,,,
776,,,,,30.1,,,,,
777,30.1,,,,,,,,,
778,,31.3,,,,,,,,
779,,,28.8,,,,,,,
780,,,,,,,,,40.9,
781,,,,,,,,,,39.5
782,,,,,,39.9,,,,
783,,,,,,,39.3,,,
784,,,,,,,,40.8,,
785,,,,28.6,,,,,,
786,,,,,30.0,,,,,
787,29.9,,,,,,,,,
788,,31.2,,,,,,,,
789,,,28.7,,,,,,,
790,,,,,,,,,41.0,
791,,,,,,,,,,39.5
792,,,,,,39.9,,,,
793,,,,,,,39.4,,,
794,,,,,,,,40.9,,
795,,,,28.3,,,,,,
796,,,,,29.7,,,,,
797,29.7,,,,,,,,,
798,,30.8,,,,,,,,
799,,,28.6,,,,,,,
800,,,,,,,,,40.9,
801,,,,,,,,,,39.5
802,,,,,,39.9,,,,
803,,,,,,,39.4,,,
804,,,,,,,,40.8,,
805,,,,28.2,,,,,,
806,,,,,29.7,,,,,
807,29.6,,,,,,,,,
808,,30.7,,,,,,,,
809,,,28.4,,,,,,,
810,,,,,,,,,41.0,
811,,,,,,,,,,39.5
812,,,,,,39.9,,,,
813,,,,,,,39.3,,,
814,,,,,,,,40.9,,
815,,,,28.5,,,,,,
816,,,,,29.9,,,,,
817,29.9,,,,,,,,,
818,,31.2,,,,,,,,
819,,,28.7,,,,,,,
820,,,,,,,,,40.9,
821,,,,,,,,,,39.6
822,,,,,,39.9,,,,
823,,,,,,,39.3,,,
824,,,,,,,,40.9,,
825,,,,28.5,,,,,,
826,,,,,30.0,,,,,
827,29.9,,,,,,,,,
828,,31.1,,,,,,,,
829,,,28.6,,,,,,,
830,,,,,,,,,40.9,
831,,,,,,,,,,39.6
832,,,,,,39.9,,,,
833,,,,,,,39.4,,,
834,,,,,,,,40.9,,
835,,,,28.6,,,,,,
836,,,,,30.0,,,,,
837,29.9,,,,,,,,,
838,,31.2,,,,,,,,
839,,,28.7,,,,,,,
840,,,,,,,,,41.0,
841,,,,,,,,,,39.6
842,,,,,,39.9,,,,
843,,,,,,,39.4,,,
844,,,,,,,,40.9,,
845,,,,28.6,,,,,,
846,,,,,30.0,,,,,
847,30.0,,,,,,,,,
848,,31.2,,,,,,,,
849,,,28.8,,,,,,,
850,,,,,,,,,40.9,
851,,,,,,,,,,39.6
852,,,,,,39.9,,,,
853,,,,,,,39.4,,,
854,,,,,,,,40.9,,
855,,,,28.3,,,,,,
856,,,,,29.6,,,,,
857,29.7,,,,,,,,,
858,,30.9,,,,,,,,
859,,,28.4,,,,,,,
860,,,,,,,,,41.0,
861,,,,,,,,,,39.6
862,,,,,,39.9,,,,
863,,,,,,,39.4,,,
864,,,,,,,,40.9,,
865,,,,27.7,,,,,,
866,,,,,29.1,,,,,
867,29.1,,,,,,,,,
868,,30.3,,,,,,,,
869,,,27.9,,,,,,,
870,,,,,,,,,41.0,
871,,,,,,,,,,39.6
872,,,,,,39.9,,,,
873,,,,,,,39.4,,,
874,,,,,,,,40.9,,
875,,,,27.9,,,,,,
876,,,,,29.3,,,,,
877,29.4,,,,,,,,,
878,,30.5,,,,,,,,
879,,,28.1,,,,,,,
880,,,,,,,,,41.0,
881,,,,,,,,,,39.6
882,,,,,,39.9,,,,
883,,,,,,,39.4,,,
884,,,,,,,,40.8,,
885,,,,28.6,,,,,,
886,,,,,30.1,,,,,
887,30.0,,,,,,,,,
888,,31.3,,,,,,,,
889,,,28.9,,,,,,,
890,,,,,,,,,40.9,
891,,,,,,,,,,39.6
892,,,,,,39.9,,,,
893,,,,,,,39.3,,,
894,,,,,,,,40.8,,
895,,,,29.5,,,,,,
896,,,,,31.1,,,,,
897,30.9,,,,,,,,,
898,,32.1,,,,,,,,
899,,,28.9,,,,,,,
900,,,,,,,,,40.9,
901,,,,,,,,,,39.5
902,,,,,,39.8,,,,
903,,,,,,,39.4,,,
904,,,,,,,,40.8,,
905,,,,30.1,,,,,,
906,,,,,31.6,,,,,
907,31.4,,,,,,,,,
908,,32.7,,,,,,,,
909,,,30.3,,,,,,,
910,,,,,,,,,40.9,
911,,,,,,,,,,39.5
912,,,,,,39.8,,,,
913,,,,,,,39.2,,,
914,,,,,,,,40.7,,
915,,,,28.3,,,,,,
916,,,,,29.6,,,,,
917,29.7,,,,,,,,,
918,,31.0,,,,,,,,
919,,,28.5,,,,,,,
920,,,,,,,,,40.9,
921,,,,,,,,,,39.5
922,,,,,,39.8,,,,
923,,,,,,,39.2,,,
924,,,,,,,,40.8,,
925,,,,28.3,,,,,,
926,,,,,29.6,,,,,
927,29.7,,,,,,,,,
928,,31.0,,,,,,,,
929,,,28.5,,,,,,,
930,,,,,,,,,40.9,
931,,,,,,,,,,39.5
932,,,,,,39.8,,,,
933,,,,,,,39.2,,,
934,,,,,,,,40.8,,
935,,,,28.2,,,,,,
936,,,,,29.6,,,,,
937,29.6,,,,,,,,,
938,,30.9,,,,,,,,
939,,,28.5,,,,,,,
940,,,,,,,,,40.8,
941,,,,,,,,,,39.6
942,,,,,,39.8,,,,
943,,,,,,,39.3,,,
944,,,,,,,,40.8,,
945,,,,28.3,,,,,,
946,,,,,29.5,,,,,
947,29.7,,,,,,,,,
948,,30.9,,,,,,,,
949,,,28.4,,,,,,,
950,,,,,,,,,40.9,
951,,,,,,,,,,39.5
952,,,,,,39.8,,,,
953,,,,,,,39.2,,,
954,,,,,,,,40.8,,
955,,,,28.2,,,,,,
956,,,,,29.5,,,,,
957,29.6,,,,,,,,,
958,,30.9,,,,,,,,
959,,,28.4,,,,,,,
960,,,,,,,,,40.8,
961,,,,,,,,,,39.5
962,,,,,,39.8,,,,
963,,,,,,,39.3,,,
964,,,,,,,,40.8,,
965,,,,28.6,,,,,,
966,,,,,30.0,,,,,
967,30.1,,,,,,,,,
968,,31.3,,,,,,,,
969,,,28.8,,,,,,,
970,,,,,,,,,40.9,
971,,,,,,,,,,39.5
972,,,,,,39.8,,,,
973,,,,,,,39.2,,,
974,,,,,,,,40.8,,
975,,,,28.4,,,,,,
976,,,,,29.8,,,,,
977,29.8,,,,,,,,,
978,,31.0,,,,,,,,
979,,,28.6,,,,,,,
980,,,,,,,,,40.9,
981,,,,,,,,,,39.5
982,,,,,,39.8,,,,
983,,,,,,,39.2,,,
984,,,,,,,,40.8,,
985,,,,28.3,,,,,,
986,,,,,29.7,,,,,
987,29.8,,,,,,,,,
988,,31.0,,,,,,,,
989,,,28.7,,,,,,,
990,,,,,,,,,40.9,
991,,,,,,,,,,39.5
992,,,,,,39.8,,,,
993,,,,,,,39.2,,,
994,,,,,,,,40.8,,
995,,,,28.3,,,,,,
996,,,,,29.7,,,,,
997,29.7,,,,,,,,,
998,,31.0,,,,,,,,
999,,,28.5,,,,,,,
1000,,,,,,,,,40.9,
1001,,,,,,,,,,39.5
1002,,,,,,39.8,,,,
1003,,,,,,,39.2,,,
1004,,,,,,,,40.8,,
1005,,,,28.3,,,,,,
1006,,,,,29.8,,,,,
1007,29.7,,,,,,,,,
1008,,31.0,,,,,,,,
1009,,,28.5,,,,,,,
1010,,,,,,,,,40.9,
1011,,,,,,,,,,39.5
1012,,,,,,39.8,,,,
1013,,,,,,,39.2,,,
1014,,,,,,,,40.7,,
1015,,,,28.3,,,,,,
1016,,,,,29.6,,,,,
1017,29.6,,,,,,,,,
1018,,30.8,,,,,,,,
1019,,,28.5,,,,,,,
1020,,,,,,,,,40.9,
1021,,,,,,,,,,39.5
1022,,,,,,39.8,,,,
1023,,,,,,,39.2,,,
1024,,,,,,,,40.8,,
1025,,,,28.1,,,,,,
1026,,,,,29.5,,,,,
1027,29.5,,,,,,,,,
1028,,30.8,,,,,,,,
1029,,,28.4,,,,,,,
1030,,,,,,,,,40.9,
1031,,,,,,,,,,39.5
1032,,,,,,39.8,,,,
1033,,,,,,,39.2,,,
1034,,,,,,,,40.8,,
1035,,,,28.4,,,,,,
1036,,,,,29.7,,,,,
1037,29.7,,,,,,,,,
1038,,31.0,,,,,,,,
1039,,,28.5,,,,,,,
1040,,,,,,,,,40.9,
1041,,,,,,,,,,39.5
1042,,,,,,39.8,,,,
1043,,,,,,,39.2,,,
1044,,,,,,,,40.7,,
1045,,,,28.5,,,,,,
1046,,,,,29.8,,,,,
1047,29.9,,,,,,,,,
1048,,31.2,,,,,,,,
1049,,,28.7,,,,,,,
1050,,,,,,,,,40.9,
1051,,,,,,,,,,39.5
1052,,,,,,39.8,,,,
1053,,,,,,,39.2,,,
1054,,,,,,,,40.8,,
1055,,,,28.3,,,,,,
1056,,,,,29.6,,,,,
1057,29.6,,,,,,,,,
1058,,30.9,,,,,,,,
1059,,,28.5,,,,,,,
1060,,,,,,,,,40.9,
1061,,,,,,,,,,39.5
1062,,,,,,39.8,,,,
1063,,,,,,,39.2,,,
1064,,,,,,,,40.8,,
1065,,,,28.4,,,,,,
1066,,,,,29.9,,,,,
1067,29.8,,,,,,,,,
1068,,31.1,,,,,,,,
1069,,,28.7,,,,,,,
1070,,,,,,,,,40.9,
1071,,,,,,,,,,39.5
1072,,,,,,39.8,,,,
1073,,,,,,,39.2,,,
1074,,,,,,,,40.8,,
1075,,,,28.2,,,,,,
1076,,,,,29.6,,,,,
1077,29.6,,,,,,,,,
1078,,30.9,,,,,,,,
1079,,,28.5,,,,,,,
1080,,,,,,,,,40.9,
1081,,,,,,,,,,39.6
1082,,,,,,39.8,,,,
1083,,,,,,,39.2,,,
1084,,,,,,,,40.8,,
1085,,,,28.4,,,,,,
1086,,,,,29.7,,,,,
1087,29.8,,,,,,,,,
1088,,31.1,,,,,,,,
1089,,,28.6,,,,,,,
1090,,,,,,,,,40.8,
1091,,,,,,,,,,39.6
1092,,,,,,39.8,,,,
1093,,,,,,,39.2,,,
1094,,,,,,,,40.8,,
1095,,,,28.4,,,,,,
1096,,,,,29.6,,,,,
1097,29.7,,,,,,,,,
1098,,31.0,,,,,,,,
1099,,,28.6,,,,,,,
1100,,,,,,,,,40.9,
1101,,,,,,,,,,39.6
1102,,,,,,39.8,,,,
1103,,,,,,,39.3,,,
1104,,,,,,,,40.8,,
1105,,,,28.5,,,,,,
1106,,,,,29.8,,,,,
1107,29.9,,,,,,,,,
1108,,31.1,,,,,,,,
1109,,,28.7,,,,,,,
1110,,,,,,,,,40.9,
1111,,,,,,,,,,39.6
1112,,,,,,39.8,,,,
1113,,,,,,,39.3,,,
1114,,,,,,,,40.8,,
1115,,,,28.5,,,,,,
1116,,,,,29.8,,,,,
1117,29.8,,,,,,,,,
1118,,31.0,,,,,,,,
1119,,,28.7,,,,,,,
1120,,,,,,,,,40.8,
1121,,,,,,,,,,39.5
1122,,,,,,39.8,,,,
1123,,,,,,,39.3,,,
1124,,,,,,,,40.8,,
1125,,,,28.3,,,,,,
1126,,,,,29.5,,,,,
1127,29.7,,,,,,,,,
1128,,30.8,,,,,,,,
1129,,,28.5,,,,,,,
1130,,,,,,,,,40.9,
1131,,,,,,,,,,39.5
1132,,,,,,39.8,,,,
1133,,,,,,,39.3,,,
1134,,,,,,,,40.8,,
1135,,,,28.3,,,,,,
1136,,,,,29.7,,,,,
1137,29.7,,,,,,,,,
1138,,31.0,,,,,,,,
1139,,,28.6,,,,,,,
1140,,,,,,,,,40.8,
1141,,,,,,,,,,39.5
1142,,,,,,39.8,,,,
1143,,,,,,,39.3,,,
1144,,,,,,,,40.8,,
1145,,,,28.4,,,,,,
1146,,,,,29.7,,,,,
1147,29.8,,,,,,,,,
1148,,31.0,,,,,,,,
1149,,,28.6,,,,,,,
1150,,,,,,,,,40.9,
1151,,,,,,,,,,39.6
1152,,,,,,39.8,,,,
1153,,,,,,,39.3,,,
1154,,,,,,,,40.8,,
1155,,,,28.5,,,,,,
1156,,,,,29.9,,,,,
1157,29.9,,,,,,,,,
1158,,31.2,,,,,,,,
1159,,,28.8,,,,,,,
1160,,,,,,,,,40.9,
1161,,,,,,,,,,39.5
1162,,,,,,39.8,,,,
1163,,,,,,,39.3,,,
1164,,,,,,,,40.8,,
1165,,,,28.2,,,,,,
1166,,,,,29.5,,,,,
1167,29.6,,,,,,,,,
1168,,30.8,,,,,,,,
1169,,,28.4,,,,,,,
1170,,,,,,,,,40.9,
1171,,,,,,,,,,39.5
1172,,,,,,39.8,,,,
1173,,,,,,,39.2,,,
1174,,,,,,,,40.8,,
1175,,,,28.2,,,,,,
1176,,,,,29.5,,,,,
1177,29.6,,,,,,,,,
1178,,30.8,,,,,,,,
1179,,,28.4,,,,,,,
1180,,,,,,,,,40.8,
1181,,,,,,,,,,39.5
1182,,,,,,39.8,,,,
1183,,,,,,,39.3,,,
1184,,,,,,,,40.8,,
1185,,,,28.1,,,,,,
1186,,,,,29.4,,,,,
1187,29.5,,,,,,,,,
1188,,30.8,,,,,,,,
1189,,,28.3,,,,,,,
1190,,,,,,,,,40.9,
1191,,,,,,,,,,39.5
1192,,,,,,39.8,,,,
1193,,,,,,,39.3,,,
1194,,,,,,,,40.8,,
1195,,,,28.2,,,,,,
1196,,,,,29.6,,,,,
1197,29.7,,,,,,,,,
1198,,30.9,,,,,,,,
1199,,,28.5,,,,,,,
1200,,,,,,,,,40.9,
1201,,,,,,,,,,39.5
1202,,,,,,39.8,,,,
1203,,,,,,,39.2,,,
1204,,,,,,,,40.8,,
1205,,,,28.4,,,,,,
1206,,,,,29.8,,,,,
1207,29.9,,,,,,,,,
1208,,31.1,,,,,,,,
1209,,,28.7,,,,,,,
1210,,,,,,,,,40.9,
1211,,,,,,,,,,39.5
1212,,,,,,39.8,,,,
1213,,,,,,,39.2,,,
1214,,,,,,,,40.8,,
1215,,,,28.1,,,,,,
1216,,,,,29.5,,,,,
1217,29.6,,,,,,,,,
1218,,30.9,,,,,,,,
1219,,,28.3,,,,,,,
1220,,,,,,,,,40.9,
1221,,,,,,,,,,39.5
1222,,,,,,39.8,,,,
1223,,,,,,,39.2,,,
1224,,,,,,,,40.8,,
1225,,,,28.3,,,,,,
1226,,,,,29.6,,,,,
1227,29.6,,,,,,,,,
1228,,30.9,,,,,,,,
1229,,,28.5,,,,,,,
1230,,,,,,,,,40.9,
1231,,,,,,,,,,39.6
1232,,,,,,39.8,,,,
1233,,,,,,,39.2,,,
1234,,,,,,,,40.8,,
1235,,,,28.4,,,,,,
1236,,,,,29.8,,,,,
1237,29.8,,,,,,,,,
1238,,31.1,,,,,,,,
1239,,,28.7,,,,,,,
1240,,,,,,,,,40.9,
1241,,,,,,,,,,39.5
1242,,,,,,39.8,,,,
1243,,,,,,,39.2,,,
1244,,,,,,,,40.8,,
1245,,,,28.4,,,,,,
1246,,,,,29.8,,,,,
1247,29.8,,,,,,,,,
1248,,31.2,,,,,,,,
1249,,,28.7,,,,,,,
1250,,,,,,,,,40.9,
1251,,,,,,,,,,39.5
1252,,,,,,39.8,,,,
1253,,,,,,,39.2,,,
1254,,,,,,,,40.8,,
1255,,,,28.3,,,,,,
1256,,,,,29.7,,,,,
1257,29.8,,,,,,,,,
1258,,31.0,,,,,,,,
1259,,,28.6,,,,,,,
1260,,,,,,,,,40.9,
1261,,,,,,,,,,39.5
1262,,,,,,39.8,,,,
1263,,,,,,,39.3,,,
1264,,,,,,,,40.8,,
1265,,,,28.4,,,,,,
1266,,,,,29.7,,,,,
1267,29.8,,,,,,,,,
1268,,31.0,,,,,,,,
1269,,,28.6,,,,,,,
1270,,,,,,,,,40.9,
1271,,,,,,,,,,39.5
1272,,,,,,39.8,,,,
1273,,,,,,,39.2,,,
1274,,,,,,,,40.8,,
1275,,,,28.2,,,,,,
1276,,,,,29.5,,,,,
1277,29.7,,,,,,,,,
1278,,30.9,,,,,,,,
1279,,,28.4,,,,,,,
1280,,,,,,,,,40.9,
1281,,,,,,,,,,39.5
1282,,,,,,39.8,,,,
1283,,,,,,,39.2,,,
1284,,,,,,,,40.8,,
1285,,,,28.5,,,,,,
1286,,,,,29.8,,,,,
1287,29.9,,,,,,,,,
1288,,31.1,,,,,,,,
1289,,,28.6,,,,,,,
1290,,,,,,,,,40.8,
1291,,,,,,,,,,39.5
1292,,,,,,39.8,,,,
1293,,,,,,,39.2,,,
1294,,,,,,,,40.8,,
1295,,,,28.5,,,,,,
1296,,,,,29.8,,,,,
1297,29.8,,,,,,,,,
1298,,31.1,,,,,,,,
1299,,,28.7,,,,,,,
1300,,,,,,,,,40.9,
1301,,,,,,,,,,39.5
1302,,,,,,39.8,,,,
1303,,,,,,,39.2,,,
1304,,,,,,,,40.8,,
1305,,,,28.3,,,,,,
1306,,,,,29.6,,,,,
1307,29.6,,,,,,,,,
1308,,30.9,,,,,,,,
1309,,,28.4,,,,,,,
1310,,,,,,,,,40.9,
1311,,,,,,,,,,39.5
1312,,,,,,39.8,,,,
1313,,,,,,,39.2,,,
1314,,,,,,,,40.8,,
1315,,,,28.3,,,,,,
1316,,,,,29.6,,,,,
1317,29.7,,,,,,,,,
1318,,31.0,,,,,,,,
1319,,,28.5,,,,,,,
1320,,,,,,,,,40.9,
1321,,,,,,,,,,39.6
1322,,,,,,39.8,,,,
1323,,,,,,,39.2,,,
1324,,,,,,,,40.8,,
1325,,,,28.1,,,,,,
1326,,,,,29.4,,,,,
1327,29.5,,,,,,,,,
1328,,30.8,,,,,,,,
1329,,,28.3,,,,,,,
1330,,,,,,,,,40.9,
1331,,,,,,,,,,39.5
1332,,,,,,39.8,,,,
1333,,,,,,,39.3,,,
1334,,,,,,,,40.8,,
1335,,,,28.4,,,,,,
1336,,,,,29.8,,,,,
1337,29.8,,,,,,,,,
1338,,31.1,,,,,,,,
1339,,,28.7,,,,,,,
1340,,,,,,,,,40.9,
1341,,,,,,,,,,39.5
1342,,,,,,39.8,,,,
1343,,,,,,,39.3,,,
1344,,,,,,,,40.8,,
1345,,,,28.5,,,,,,
1346,,,,,29.9,,,,,
1347,29.9,,,,,,,,,
1348,,31.1,,,,,,,,
1349,,,28.7,,,,,,,
1350,,,,,,,,,40.9,
1351,,,,,,,,,,39.5
1352,,,,,,39.8,,,,
1353,,,,,,,39.2,,,
1354,,,,,,,,40.8,,
1355,,,,28.3,,,,,,
1356,,,,,29.7,,,,,
1357,29.7,,,,,,,,,
1358,,30.9,,,,,,,,
1359,,,28.5,,,,,,,
1360,,,,,,,,,40.9,
1361,,,,,,,,,,39.6
1362,,,,,,39.9,,,,
1363,,,,,,,39.3,,,
1364,,,,,,,,40.8,,
1365,,,,28.3,,,,,,
1366,,,,,29.6,,,,,
1367,29.7,,,,,,,,,
1368,,30.8,,,,,,,,
1369,,,28.5,,,,,,,
1370,,,,,,,,,40.9,
1371,,,,,,,,,,39.6
1372,,,,,,39.9,,,,
1373,,,,,,,39.3,,,
1374,,,,,,,,40.8,,
1375,,,,28.7,,,,,,
1376,,,,,30.0,,,,,
1377,30.0,,,,,,,,,
1378,,31.3,,,,,,,,
1379,,,28.8,,,,,,,
1380,,,,,,,,,40.9,
1381,,,,,,,,,,39.6
1382,,,,,,39.9,,,,
1383,,,,,,,39.3,,,
1384,,,,,,,,40.8,,
1385,,,,28.5,,,,,,
1386,,,,,29.8,,,,,
1387,29.8,,,,,,,,,
1388,,31.1,,,,,,,,
1389,,,28.7,,,,,,,
1390,,,,,,,,,40.9,
1391,,,,,,,,,,39.6
1392,,,,,,39.9,,,,
1393,,,,,,,39.3,,,
1394,,,,,,,,40.8,,
1395,,,,28.4,,,,,,
1396,,,,,29.8,,,,,
1397,29.8,,,,,,,,,
1398,,31.1,,,,,,,,
1399,,,28.6,,,,,,,
1400,,,,,,,,,40.9,
1401,,,,,,,,,,39.6
1402,,,,,,39.9,,,,
1403,,,,,,,39.3,,,
1404,,,,,,,,40.8,,
1405,,,,28.1,,,,,,
1406,,,,,29.5,,,,,
1407,29.8,,,,,,,,,
1408,,30.8,,,,,,,,
1409,,,28.4,,,,,,,
1410,,,,,,,,,40.9,
1411,,,,,,,,,,39.6
1412,,,,,,39.9,,,,
1413,,,,,,,39.3,,,
1414,,,,,,,,40.8,,
1415,,,,28.1,,,,,,
1416,,,,,29.4,,,,,
1417,29.4,,,,,,,,,
1418,,30.8,,,,,,,,
1419,,,28.2,,,,,,,
1420,,,,,,,,,40.9,
1421,,,,,,,,,,39.6
1422,,,,,,39.8,,,,
1423,,,,,,,39.3,,,
1424,,,,,,,,40.8,,
1425,,,,28.2,,,,,,
1426,,,,,29.5,,,,,
1427,29.5,,,,,,,,,
1428,,30.8,,,,,,,,
1429,,,28.4,,,,,,,
1430,,,,,,,,,40.9,
1431,,,,,,,,,,39.6
1432,,,,,,39.9,,,,
1433,,,,,,,39.3,,,
1434,,,,,,,,40.8,,
1435,,,,28.3,,,,,,
1436,,,,,29.6,,,,,
1437,29.7,,,,,,,,,
1438,,31.0,,,,,,,,
1439,,,28.5,,,,,,,
1440,,,,,,,,,40.9,
1441,,,,,,,,,,39.6
1442,,,,,,39.9,,,,
1443,,,,,,,39.3,,,
1444,,,,,,,,40.8,,
1445,,,,28.2,,,,,,
1446,,,,,29.6,,,,,
1447,29.6,,,,,,,,,
1448,,30.8,,,,,,,,
1449,,,28.4,,,,,,,
1450,,,,,,,,,40.9,
1451,,,,,,,,,,39.6
1452,,,,,,39.9,,,,
1453,,,,,,,39.3,,,
1454,,,,,,,,40.8,,
1455,,,,28.2,,,,,,
1456,,,,,29.6,,,,,
1457,29.6,,,,,,,,,
1458,,30.9,,,,,,,,
1459,,,28.4,,,,,,,
1460,,,,,,,,,40.9,
1461,,,,,,,,,,39.6
1462,,,,,,39.9,,,,
1463,,,,,,,39.3,,,
1464,,,,,,,,40.8,,
1465,,,,28.0,,,,,,
1466,,,,,29.4,,,,,
1467,29.4,,,,,,,,,
1468,,30.9,,,,,,,,
1469,,,28.2,,,,,,,
1470,,,,,,,,,40.9,
1471,,,,,,,,,,39.6
1472,,,,,,39.9,,,,
1473,,,,,,,39.3,,,
1474,,,,,,,,40.8,,
1475,,,,28.0,,,,,,
1476,,,,,29.3,,,,,
1477,29.4,,,,,,,,,
1478,,30.6,,,,,,,,
1479,,,28.2,,,,,,,
1480,,,,,,,,,40.9,
1481,,,,,,,,,,39.6
1482,,,,,,39.9,,,,
1483,,,,,,,39.3,,,
1484,,,,,,,,40.8,,
1485,,,,28.5,,,,,,
1486,,,,,29.8,,,,,
1487,29.8,,,,,,,,,
1488,,31.1,,,,,,,,
1489,,,28.6,,,,,,,
1490,,,,,,,,,40.9,
1491,,,,,,,,,,39.6
1492,,,,,,39.8,,,,
1493,,,,,,,39.3,,,
1494,,,,,,,,40.8,,
1495,,,,28.3,,,,,,
1496,,,,,29.6,,,,,
1497,29.7,,,,,,,,,
1498,,30.9,,,,,,,,
1499,,,28.5,,,,,,,
1500,,,,,,,,,40.9,
1501,,,,,,,,,,39.6
1502,,,,,,39.9,,,,
1503,,,,,,,39.3,,,
1504,,,,,,,,40.8,,
1505,,,,28.3,,,,,,
1506,,,,,29.6,,,,,
1507,29.6,,,,,,,,,
1508,,30.9,,,,,,,,
1509,,,28.5,,,,,,,
1510,,,,,,,,,40.9,
1511,,,,,,,,,,39.6
1512,,,,,,39.8,,,,
1513,,,,,,,39.3,,,
1514,,,,,,,,40.8,,
1515,,,,28.2,,,,,,
1516,,,,,29.5,,,,,
1517,29.6,,,,,,,,,
1518,,30.8,,,,,,,,
1519,,,28.4,,,,,,,
1520,,,,,,,,,40.9,
1521,,,,,,,,,,39.5
1522,,,,,,39.8,,,,
1523,,,,,,,39.3,,,
1524,,,,,,,,40.8,,
1525,,,,28.2,,,,,,
1526,,,,,29.5,,,,,
1527,29.6,,,,,,,,,
1528,,30.8,,,,,,,,
1529,,,28.4,,,,,,,
1530,,,,,,,,,40.9,
1531,,,,,,,,,,39.6
1532,,,,,,39.9,,,,
1533,,,,,,,39.3,,,
1534,,,,,,,,40.8,,
1535,,,,28.4,,,,,,
1536,,,,,29.7,,,,,
1537,29.8,,,,,,,,,
1538,,31.0,,,,,,,,
1539,,,28.5,,,,,,,
1540,,,,,,,,,40.9,
1541,,,,,,,,,,39.6
1542,,,,,,39.8,,,,
1543,,,,,,,39.3,,,
1544,,,,,,,,40.8,,
1545,,,,28.1,,,,,,
1546,,,,,29.5,,,,,
1547,29.6,,,,,,,,,
1548,,30.8,,,,,,,,
1549,,,28.4,,,,,,,
1550,,,,,,,,,40.9,
1551,,,,,,,,,,39.5
1552,,,,,,39.8,,,,
1553,,,,,,,39.3,,,
1554,,,,,,,,40.8,,
1555,,,,28.1,,,,,,
1556,,,,,29.5,,,,,
1557,29.6,,,,,,,,,
1558,,30.7,,,,,,,,
1559,,,28.4,,,,,,,
1560,,,,,,,,,40.9,
1561,,,,,,,,,,39.6
1562,,,,,,39.9,,,,
1563,,,,,,,39.3,,,
1564,,,,,,,,40.8,,
1565,,,,28.3,,,,,,
1566,,,,,29.6,,,,,
1567,29.7,,,,,,,,,
1568,,30.9,,,,,,,,
1569,,,28.5,,,,,,,
1570,,,,,,,,,40.9,
1571,,,,,,,,,,39.6
1572,,,,,,39.8,,,,
1573,,,,,,,39.3,,,
1574,,,,,,,,40.9,,
1575,,,,28.4,,,,,,
1576,,,,,29.8,,,,,
1577,29.9,,,,,,,,,
1578,,31.2,,,,,,,,
1579,,,28.7,,,,,,,
1580,,,,,,,,,40.9,
1581,,,,,,,,,,39.6
1582,,,,,,39.8,,,,
1583,,,,,,,39.3,,,
1584,,,,,,,,40.8,,
1585,,,,28.3,,,,,,
1586,,,,,29.6,,,,,
1587,29.7,,,,,,,,,
1588,,30.8,,,,,,,,
1589,,,28.3,,,,,,,
1590,,,,,,,,,40.9,
1591,,,,,,,,,,39.6
1592,,,,,,39.8,,,,
1593,,,,,,,39.3,,,
1594,,,,,,,,40.8,,
1595,,,,28.4,,,,,,
1596,,,,,29.7,,,,,
1597,29.8,,,,,,,,,
1598,,31.0,,,,,,,,
1599,,,28.5,,,,,,,
1600,,,,,,,,,40.9,
1601,,,,,,,,,,39.5
1602,,,,,,39.8,,,,
1603,,,,,,,39.3,,,
1604,,,,,,,,40.8,,
1605,,,,28.1,,,,,,
1606,,,,,29.4,,,,,
1607,29.5,,,,,,,,,
1608,,30.6,,,,,,,,
1609,,,28.3,,,,,,,
1610,,,,,,,,,40.9,
1611,,,,,,,,,,39.6
1612,,,,,,39.9,,,,
1613,,,,,,,39.3,,,
1614,,,,,,,,40.8,,
1615,,,,28.2,,,,,,
1616,,,,,29.6,,,,,
1617,29.6,,,,,,,,,
1618,,30.8,,,,,,,,
1619,,,28.4,,,,,,,
1620,,,,,,,,,40.9,
1621,,,,,,,,,,39.6
1622,,,,,,39.9,,,,
1623,,,,,,,39.3,,,
1624,,,,,,,,40.8,,
1625,,,,28.2,,,,,,
1626,,,,,29.5,,,,,
1627,29.6,,,,,,,,,
1628,,30.8,,,,,,,,
1629,,,28.5,,,,,,,
1630,,,,,,,,,40.9,
1631,,,,,,,,,,39.6
1632,,,,,,39.9,,,,
1633,,,,,,,39.3,,,
1634,,,,,,,,40.8,,
1635,,,,28.3,,,,,,
1636,,,,,29.7,,,,,
1637,29.7,,,,,,,,,
1638,,30.8,,,,,,,,
1639,,,28.5,,,,,,,
1640,,,,,,,,,40.9,
1641,,,,,,,,,,39.5
1642,,,,,,39.9,,,,
1643,,,,,,,39.3,,,
1644,,,,,,,,40.8,,
1645,,,,28.0,,,,,,
1646,,,,,29.4,,,,,
1647,29.4,,,,,,,,,
1648,,30.6,,,,,,,,
1649,,,28.2,,,,,,,
1650,,,,,,,,,40.9,
1651,,,,,,,,,,39.6
1652,,,,,,39.9,,,,
1653,,,,,,,39.4,,,
1654,,,,,,,,40.8,,
1655,,,,28.3,,,,,,
1656,,,,,29.6,,,,,
1657,29.6,,,,,,,,,
1658,,30.8,,,,,,,,
1659,,,28.5,,,,,,,
1660,,,,,,,,,40.9,
1661,,,,,,,,,,39.6
1662,,,,,,39.9,,,,
1663,,,,,,,39.3,,,
1664,,,,,,,,40.8,,
1665,,,,28.4,,,,,,
1666,,,,,29.7,,,,,
1667,29.7,,,,,,,,,
1668,,30.9,,,,,,,,
1669,,,28.6,,,,,,,
1670,,,,,,,,,40.9,
1671,,,,,,,,,,39.6
1672,,,,,,39.9,,,,
1673,,,,,,,39.3,,,
1674,,,,,,,,40.8,,
1675,,,,28.2,,,,,,
1676,,,,,29.4,,,,,
1677,29.5,,,,,,,,,
1678,,30.7,,,,,,,,
1679,,,28.3,,,,,,,
1680,,,,,,,,,40.9,
1681,,,,,,,,,,39.6
1682,,,,,,39.9,,,,
1683,,,,,,,39.3,,,
1684,,,,,,,,40.8,,
1685,,,,28.4,,,,,,
1686,,,,,29.7,,,,,
1687,29.7,,,,,,,,,
1688,,30.7,,,,,,,,
1689,,,28.6,,,,,,,
1690,,,,,,,,,40.9,
1691,,,,,,,,,,39.7
1692,,,,,,39.9,,,,
1693,,,,,,,39.4,,,
1694,,,,,,,,40.8,,
1695,,,,28.2,,,,,,
1696,,,,,29.4,,,,,
1697,29.5,,,,,,,,,
1698,,30.8,,,,,,,,
1699,,,28.4,,,,,,,
1700,,,,,,,,,40.9,
1701,,,,,,,,,,39.7
1702,,,,,,39.9,,,,
1703,,,,,,,39.4,,,
1704,,,,,,,,40.8,,
1705,,,,28.4,,,,,,
1706,,,,,29.6,,,,,
1707,29.6,,,,,,,,,
1708,,30.9,,,,,,,,
1709,,,28.5,,,,,,,
1710,,,,,,,,,40.9,
1711,,,,,,,,,,39.7
1712,,,,,,39.9,,,,
1713,,,,,,,39.4,,,
1714,,,,,,,,40.8,,
1715,,,,28.3,,,,,,
1716,,,,,29.5,,,,,
1717,29.6,,,,,,,,,
1718,,30.8,,,,,,,,
1719,,,28.5,,,,,,,
1720,,,,,,,,,40.9,
1721,,,,,,,,,,39.7
1722,,,,,,39.9,,,,
1723,,,,,,,39.4,,,
1724,,,,,,,,40.8,,
1725,,,,28.1,,,,,,
1726,,,,,29.3,,,,,
1727,29.5,,,,,,,,,
1728,,30.6,,,,,,,,
1729,,,28.4,,,,,,,
1730,,,,,,,,,40.9,
1731,,,,,,,,,,39.7
1732,,,,,,39.9,,,,
1733,,,,,,,39.4,,,
1734,,,,,,,,40.8,,
1735,,,,28.5,,,,,,
1736,,,,,29.8,,,,,
1737,29.8,,,,,,,,,
1738,,31.0,,,,,,,,
1739,,,28.7,,,,,,,
1740,,,,,,,,,40.9,
1741,,,,,,,,,,39.7
1742,,,,,,39.9,,,,
1743,,,,,,,39.4,,,
1744,,,,,,,,40.8,,
1745,,,,28.2,,,,,,
1746,,,,,29.4,,,,,
1747,29.5,,,,,,,,,
1748,,30.6,,,,,,,,
1749,,,28.4,,,,,,,
1750,,,,,,,,,40.9,
1751,,,,,,,,,,39.6
1752,,,,,,39.9,,,,
1753,,,,,,,39.4,,,
1754,,,,,,,,40.8,,
1755,,,,28.1,,,,,,
1756,,,,,29.4,,,,,
1757,29.4,,,,,,,,,
1758,,30.6,,,,,,,,
1759,,,28.3,,,,,,,
1760,,,,,,,,,40.9,
1761,,,,,,,,,,39.6
1762,,,,,,39.9,,,,
1763,,,,,,,39.4,,,
1764,,,,,,,,40.8,,
1765,,,,28.3,,,,,,
1766,,,,,29.6,,,,,
1767,29.7,,,,,,,,,
1768,,30.9,,,,,,,,
1769,,,28.5,,,,,,,
1770,,,,,,,,,40.9,
1771,,,,,,,,,,39.7
1772,,,,,,39.9,,,,
1773,,,,,,,39.4,,,
1774,,,,,,,,40.9,,
1775,,,,28.5,,,,,,
1776,,,,,29.7,,,,,
1777,29.8,,,,,,,,,
1778,,31.0,,,,,,,,
1779,,,28.6,,,,,,,
1780,,,,,,,,,40.9,
1781,,,,,,,,,,39.6
1782,,,,,,39.9,,,,
1783,,,,,,,39.4,,,
1784,,,,,,,,40.8,,
1785,,,,28.2,,,,,,
1786,,,,,29.5,,,,,
1787,29.6,,,,,,,,,
1788,,30.8,,,,,,,,
1789,,,28.5,,,,,,,
1790,,,,,,,,,40.9,
1791,,,,,,,,,,39.6
1792,,,,,,39.9,,,,
1793,,,,,,,39.4,,,
1794,,,,,,,,40.8,,
1795,,,,28.2,,,,,,
1796,,,,,29.5,,,,,
1797,29.5,,,,,,,,,
1798,,30.8,,,,,,,,
1799,,,28.4,,,,,,,
1800,,,,,,,,,40.9,
1801,,,,,,,,,,39.6
1802,,,,,,39.9,,,,
1803,,,,,,,39.4,,,
1804,,,,,,,,40.8,,
1805,,,,28.0,,,,,,
1806,,,,,29.3,,,,,
1807,29.4,,,,,,,,,
1808,,30.5,,,,,,,,
1809,,,28.2,,,,,,,
1810,,,,,,,,,40.9,
1811,,,,,,,,,,39.6
1812,,,,,,39.9,,,,
1813,,,,,,,39.3,,,
1814,,,,,,,,40.8,,
1815,,,,28.2,,,,,,
1816,,,,,29.5,,,,,
1817,29.6,,,,,,,,,
1818,,30.8,,,,,,,,
1819,,,28.5,,,,,,,
1820,,,,,,,,,40.9,
1821,,,,,,,,,,39.6
1822,,,,,,39.9,,,,
1823,,,,,,,39.4,,,
1824,,,,,,,,40.8,,
1825,,,,28.3,,,,,,
1826,,,,,29.6,,,,,
1827,29.7,,,,,,,,,
1828,,30.9,,,,,,,,
1829,,,28.6,,,,,,,
1830,,,,,,,,,40.9,
1831,,,,,,,,,,39.6
1832,,,,,,39.9,,,,
1833,,,,,,,39.3,,,
1834,,,,,,,,40.8,,
1835,,,,28.3,,,,,,
1836,,,,,29.6,,,,,
1837,29.7,,,,,,,,,
1838,,30.8,,,,,,,,
1839,,,28.5,,,,,,,
1840,,,,,,,,,40.9,
1841,,,,,,,,,,39.6
1842,,,,,,39.9,,,,
1843,,,,,,,39.4,,,
1844,,,,,,,,40.8,,
1845,,,,28.2,,,,,,
1846,,,,,29.6,,,,,
1847,29.6,,,,,,,,,
1848,,30.8,,,,,,,,
1849,,,28.5,,,,,,,
1850,,,,,,,,,40.9,
1851,,,,,,,,,,39.6
1852,,,,,,39.9,,,,
1853,,,,,,,39.4,,,
1854,,,,,,,,40.8,,
1855,,,,28.2,,,,,,
1856,,,,,29.6,,,,,
1857,29.6,,,,,,,,,
1858,,30.8,,,,,,,,
1859,,,28.4,,,,,,,
1860,,,,,,,,,40.9,
1861,,,,,,,,,,39.6
1862,,,,,,39.9,,,,
1863,,,,,,,39.4,,,
1864,,,,,,,,40.8,,
1865,,,,28.1,,,,,,
1866,,,,,29.5,,,,,
1867,29.5,,,,,,,,,
1868,,30.7,,,,,,,,
1869,,,28.3,,,,,,,
1870,,,,,,,,,40.9,
1871,,,,,,,,,,39.6
1872,,,,,,39.9,,,,
1873,,,,,,,39.4,,,
1874,,,,,,,,40.8,,
1875,,,,28.1,,,,,,
1876,,,,,29.4,,,,,
1877,29.5,,,,,,,,,
1878,,30.6,,,,,,,,
1879,,,28.3,,,,,,,
1880,,,,,,,,,40.9,
1881,,,,,,,,,,39.6
1882,,,,,,39.9,,,,
1883,,,,,,,39.4,,,
1884,,,,,,,,40.8,,
1885,,,,28.3,,,,,,
1886,,,,,29.6,,,,,
1887,29.7,,,,,,,,,
1888,,30.8,,,,,,,,
1889,,,28.5,,,,,,,
1890,,,,,,,,,40.9,
1891,,,,,,,,,,39.6
1892,,,,,,39.9,,,,
1893,,,,,,,39.4,,,
1894,,,,,,,,40.8,,
1895,,,,28.3,,,,,,
1896,,,,,29.7,,,,,
1897,29.7,,,,,,,,,
1898,,30.8,,,,,,,,
1899,,,28.6,,,,,,,
1900,,,,,,,,,40.9,
1901,,,,,,,,,,39.6
1902,,,,,,39.9,,,,
1903,,,,,,,39.4,,,
1904,,,,,,,,40.8,,
1905,,,,28.3,,,,,,
1906,,,,,29.7,,,,,
1907,29.6,,,,,,,,,
1908,,30.8,,,,,,,,
1909,,,28.5,,,,,,,
1910,,,,,,,,,40.9,
1911,,,,,,,,,,39.6
1912,,,,,,39.8,,,,
1913,,,,,,,39.4,,,
1914,,,,,,,,40.8,,
1915,,,,28.5,,,,,,
1916,,,,,29.7,,,,,
1917,29.8,,,,,,,,,
1918,,30.9,,,,,,,,
1919,,,28.6,,,,,,,
1920,,,,,,,,,40.9,
1921,,,,,,,,,,39.6
1922,,,,,,39.9,,,,
1923,,,,,,,39.3,,,
1924,,,,,,,,40.8,,
1925,,,,28.3,,,,,,
1926,,,,,29.6,,,,,
1927,29.7,,,,,,,,,
1928,,30.9,,,,,,,,
1929,,,28.5,,,,,,,
1930,,,,,,,,,40.9,
1931,,,,,,,,,,39.6
1932,,,,,,39.9,,,,
1933,,,,,,,39.3,,,
1934,,,,,,,,40.8,,
1935,,,,28.1,,,,,,
1936,,,,,29.4,,,,,
1937,29.5,,,,,,,,,
1938,,30.6,,,,,,,,
1939,,,28.4,,,,,,,
1940,,,,,,,,,40.9,
1941,,,,,,,,,,39.6
1942,,,,,,39.9,,,,
1943,,,,,,,39.3,,,
1944,,,,,,,,40.8,,
1945,,,,28.2,,,,,,
1946,,,,,29.6,,,,,
1947,29.7,,,,,,,,,
1948,,30.8,,,,,,,,
1949,,,28.6,,,,,,,
1950,,,,,,,,,40.9,
1951,,,,,,,,,,39.6
1952,,,,,,39.9,,,,
1953,,,,,,,39.3,,,
1954,,,,,,,,40.8,,
1955,,,,28.4,,,,,,
1956,,,,,29.7,,,,,
1957,29.8,,,,,,,,,
1958,,31.0,,,,,,,,
1959,,,28.7,,,,,,,
1960,,,,,,,,,40.9,
1961,,,,,,,,,,39.6
1962,,,,,,39.9,,,,
1963,,,,,,,39.3,,,
1964,,,,,,,,40.8,,
1965,,,,28.3,,,,,,
1966,,,,,29.7,,,,,
1967,29.8,,,,,,,,,
1968,,30.9,,,,,,,,
1969,,,28.6,,,,,,,
1970,,,,,,,,,40.9,
1971,,,,,,,,,,39.6
1972,,,,,,39.9,,,,
1973,,,,,,,39.3,,,
1974,,,,,,,,40.8,,
1975,,,,28.4,,,,,,
1976,,,,,29.6,,,,,
1977,29.7,,,,,,,,,
1978,,30.9,,,,,,,,
1979,,,28.6,,,,,,,
1980,,,,,,,,,40.9,
1981,,,,,,,,,,39.6
1982,,,,,,39.9,,,,
1983,,,,,,,39.4,,,
1984,,,,,,,,40.8,,
1985,,,,28.1,,,,,,
1986,,,,,29.5,,,,,
1987,29.5,,,,,,,,,
1988,,30.7,,,,,,,,
1989,,,28.3,,,,,,,
1990,,,,,,,,,40.9,
1991,,,,,,,,,,39.6
1992,,,,,,39.9,,,,
1993,,,,,,,39.4,,,
1994,,,,,,,,40.8,,
1995,,,,28.2,,,,,,
1996,,,,,29.5,,,,,
1997,29.6,,,,,,,,,
1998,,30.8,,,,,,,,
1999,,,28.4,,,,,,,
2000,,,,,,,,,40.9,
2001,,,,,,,,,,39.6
2002,,,,,,39.9,,,,
2003,,,,,,,39.4,,,
2004,,,,,,,,40.8,,
2005,,,,28.3,,,,,,
2006,,,,,29.6,,,,,
2007,29.6,,,,,,,,,
2008,,30.8,,,,,,,,
2009,,,28.5,,,,,,,
2010,,,,,,,,,40.9,
2011,,,,,,,,,,39.6
2012,,,,,,39.9,,,,
2013,,,,,,,39.3,,,
2014,,,,,,,,40.8,,
2015,,,,28.3,,,,,,
2016,,,,,29.5,,,,,
2017,29.6,,,,,,,,,
2018,,30.9,,,,,,,,
2019,,,28.4,,,,,,,
2020,,,,,,,,,40.9,
2021,,,,,,,,,,39.6
2022,,,,,,39.9,,,,
2023,,,,,,,39.4,,,
2024,,,,,,,,40.8,,
2025,,,,28.2,,,,,,
2026,,,,,29.5,,,,,
2027,29.6,,,,,,,,,
2028,,30.9,,,,,,,,
2029,,,28.5,,,,,,,
2030,,,,,,,,,40.9,
2031,,,,,,,,,,39.7
2032,,,,,,39.9,,,,
2033,,,,,,,39.4,,,
2034,,,,,,,,40.8,,
2035,,,,28.4,,,,,,
2036,,,,,29.6,,,,,
2037,29.7,,,,,,,,,
2038,,30.8,,,,,,,,
2039,,,28.6,,,,,,,
2040,,,,,,,,,40.9,
2041,,,,,,,,,,39.6
2042,,,,,,39.9,,,,
2043,,,,,,,39.3,,,
2044,,,,,,,,40.8,,
2045,,,,28.3,,,,,,
2046,,,,,29.6,,,,,
2047,29.7,,,,,,,,,
2048,,30.9,,,,,,,,
2049,,,28.6,,,,,,,
2050,,,,,,,,,40.9,
2051,,,,,,,,,,39.7
2052,,,,,,39.9,,,,
2053,,,,,,,39.3,,,
2054,,,,,,,,40.8,,
2055,,,,28.3,,,,,,
2056,,,,,29.6,,,,,
2057,29.7,,,,,,,,,
2058,,30.9,,,,,,,,
2059,,,28.6,,,,,,,
2060,,,,,,,,,40.9,
2061,,,,,,,,,,39.6
2062,,,,,,39.9,,,,
2063,,,,,,,39.3,,,
2064,,,,,,,,40.8,,
2065,,,,28.5,,,,,,
2066,,,,,29.7,,,,,
2067,29.7,,,,,,,,,
2068,,31.0,,,,,,,,
2069,,,28.7,,,,,,,
2070,,,,,,,,,40.9,
2071,,,,,,,,,,39.6
2072,,,,,,39.8,,,,
2073,,,,,,,39.3,,,
2074,,,,,,,,40.8,,
2075,,,,28.2,,,,,,
2076,,,,,29.4,,,,,
2077,29.6,,,,,,,,,
2078,,30.7,,,,,,,,
2079,,,28.4,,,,,,,
2080,,,,,,,,,40.9,
2081,,,,,,,,,,39.6
2082,,,,,,39.9,,,,
2083,,,,,,,39.4,,,
2084,,,,,,,,40.8,,
2085,,,,28.3,,,,,,
2086,,,,,29.6,,,,,
2087,29.7,,,,,,,,,
2088,,30.9,,,,,,,,
2089,,,28.6,,,,,,,
2090,,,,,,,,,40.9,
2091,,,,,,,,,,39.6
2092,,,,,,39.9,,,,
2093,,,,,,,39.3,,,
2094,,,,,,,,40.8,,
2095,,,,28.1,,,,,,
2096,,,,,29.4,,,,,
2097,29.5,,,,,,,,,
2098,,30.8,,,,,,,,
2099,,,28.4,,,,,,,
2100,,,,,,,,,40.9,
2101,,,,,,,,,,39.6
2102,,,,,,39.9,,,,
2103,,,,,,,39.3,,,
2104,,,,,,,,40.8,,
2105,,,,28.0,,,,,,
2106,,,,,29.3,,,,,
2107,29.4,,,,,,,,,
2108,,30.5,,,,,,,,
2109,,,28.2,,,,,,,
2110,,,,,,,,,40.9,
2111,,,,,,,,,,39.6
2112,,,,,,39.9,,,,
2113,,,,,,,39.3,,,
2114,,,,,,,,40.8,,
2115,,,,28.1,,,,,,
2116,,,,,29.5,,,,,
2117,29.5,,,,,,,,,
2118,,30.7,,,,,,,,
2119,,,28.4,,,,,,,
2120,,,,,,,,,40.9,
2121,,,,,,,,,,39.6
2122,,,,,,39.8,,,,
2123,,,,,,,39.3,,,
2124,,,,,,,,40.8,,
2125,,,,28.4,,,,,,
2126,,,,,29.8,,,,,
2127,29.8,,,,,,,,,
2128,,31.0,,,,,,,,
2129,,,28.6,,,,,,,
2130,,,,,,,,,40.9,
2131,,,,,,,,,,39.6
2132,,,,,,39.9,,,,
2133,,,,,,,39.3,,,
2134,,,,,,,,40.8,,
2135,,,,28.3,,,,,,
2136,,,,,29.7,,,,,
2137,29.7,,,,,,,,,
2138,,31.0,,,,,,,,
2139,,,28.6,,,,,,,
2140,,,,,,,,,40.9,
2141,,,,,,,,,,39.6
2142,,,,,,39.8,,,,
2143,,,,,,,39.3,,,
2144,,,,,,,,40.8,,
2145,,,,28.5,,,,,,
2146,,,,,29.8,,,,,
2147,29.8,,,,,,,,,
2148,,31.0,,,,,,,,
2149,,,28.7,,,,,,,
2150,,,,,,,,,40.9,
2151,,,,,,,,,,39.6
2152,,,,,,39.8,,,,
2153,,,,,,,39.3,,,
2154,,,,,,,,40.8,,
2155,,,,28.4,,,,,,
2156,,,,,29.7,,,,,
2157,29.8,,,,,,,,,
2158,,30.9,,,,,,,,
2159,,,28.6,,,,,,,
2160,,,,,,,,,40.9,
2161,,,,,,,,,,39.6
2162,,,,,,39.8,,,,
2163,,,,,,,39.3,,,
2164,,,,,,,,40.8,,
2165,,,,28.2,,,,,,
2166,,,,,29.6,,,,,
2167,29.7,,,,,,,,,
2168,,30.8,,,,,,,,
2169,,,28.5,,,,,,,
2170,,,,,,,,,40.9,
2171,,,,,,,,,,39.6
2172,,,,,,39.8,,,,
2173,,,,,,,39.3,,,
2174,,,,,,,,40.8,,
2175,,,,28.3,,,,,,
2176,,,,,29.6,,,,,
2177,29.8,,,,,,,,,
2178,,30.9,,,,,,,,
2179,,,28.6,,,,,,,
2180,,,,,,,,,40.9,
2181,,,,,,,,,,39.6
2182,,,,,,39.8,,,,
2183,,,,,,,39.3,,,
2184,,,,,,,,40.8,,
2185,,,,28.2,,,,,,
2186,,,,,29.4,,,,,
2187,29.6,,,,,,,,,
2188,,30.8,,,,,,,,
2189,,,28.3,,,,,,,
2190,,,,,,,,,40.9,
2191,,,,,,,,,,39.6
2192,,,,,,39.8,,,,
2193,,,,,,,39.3,,,
2194,,,,,,,,40.8,,
2195,,,,28.3,,,,,,
2196,,,,,29.6,,,,,
2197,29.6,,,,,,,,,
2198,,30.8,,,,,,,,
2199,,,28.4,,,,,,,
2200,,,,,,,,,40.9,
2201,,,,,,,,,,39.5
2202,,,,,,39.8,,,,
2203,,,,,,,39.3,,,
2204,,,,,,,,40.8,,
2205,,,,28.2,,,,,,
2206,,,,,29.5,,,,,
2207,29.6,,,,,,,,,
2208,,30.8,,,,,,,,
2209,,,28.5,,,,,,,
2210,,,,,,,,,40.9,
2211,,,,,,,,,,39.5
2212,,,,,,39.8,,,,
2213,,,,,,,39.3,,,
2214,,,,,,,,40.8,,
2215,,,,28.4,,,,,,
2216,,,,,29.7,,,,,
2217,29.7,,,,,,,,,
2218,,31.0,,,,,,,,
2219,,,28.6,,,,,,,
2220,,,,,,,,,40.9,
2221,,,,,,,,,,39.5
2222,,,,,,39.8,,,,
2223,,,,,,,39.3,,,
2224,,,,,,,,40.8,,
2225,,,,28.5,,,,,,
2226,,,,,29.8,,,,,
2227,29.9,,,,,,,,,
2228,,31.1,,,,,,,,
2229,,,28.7,,,,,,,
2230,,,,,,,,,40.8,
2231,,,,,,,,,,39.5
2232,,,,,,39.8,,,,
2233,,,,,,,39.3,,,
2234,,,,,,,,40.8,,
2235,,,,28.5,,,,,,
2236,,,,,29.8,,,,,
2237,29.8,,,,,,,,,
2238,,31.0,,,,,,,,
2239,,,28.6,,,,,,,
2240,,,,,,,,,40.9,
2241,,,,,,,,,,39.5
2242,,,,,,39.8,,,,
2243,,,,,,,39.3,,,
2244,,,,,,,,40.8,,
2245,,,,28.3,,,,,,
2246,,,,,29.6,,,,,
2247,29.6,,,,,,,,,
2248,,30.8,,,,,,,,
2249,,,28.6,,,,,,,
2250,,,,,,,,,40.8,
2251,,,,,,,,,,39.5
2252,,,,,,39.8,,,,
2253,,,,,,,39.3,,,
2254,,,,,,,,40.8,,
2255,,,,28.2,,,,,,
2256,,,,,29.6,,,,,
2257,29.6,,,,,,,,,
2258,,30.8,,,,,,,,
2259,,,28.4,,,,,,,
2260,,,,,,,,,40.8,
2261,,,,,,,,,,39.5
2262,,,,,,39.8,,,,
2263,,,,,,,39.3,,,
2264,,,,,,,,40.8,,
2265,,,,28.2,,,,,,
2266,,,,,29.4,,,,,
2267,29.6,,,,,,,,,
2268,,30.7,,,,,,,,
2269,,,28.4,,,,,,,
2270,,,,,,,,,40.8,
2271,,,,,,,,,,39.5
2272,,,,,,39.8,,,,
2273,,,,,,,39.3,,,
2274,,,,,,,,40.7,,
2275,,,,28.3,,,,,,
2276,,,,,29.8,,,,,
2277,29.7,,,,,,,,,
2278,,31.0,,,,,,,,
2279,,,28.7,,,,,,,
2280,,,,,,,,,40.8,
2281,,,,,,,,,,39.5
2282,,,,,,39.8,,,,
2283,,,,,,,39.3,,,
2284,,,,,,,,40.7,,
2285,,,,28.2,,,,,,
2286,,,,,29.6,,,,,
2287,29.6,,,,,,,,,
2288,,30.8,,,,,,,,
2289,,,28.5,,,,,,,
2290,,,,,,,,,40.9,
2291,,,,,,,,,,39.5
2292,,,,,,39.8,,,,
2293,,,,,,,39.3,,,
2294,,,,,,,,40.7,,
2295,,,,28.2,,,,,,
2296,,,,,29.7,,,,,
2297,29.6,,,,,,,,,
2298,,30.8,,,,,,,,
2299,,,28.5,,,,,,,
2300,,,,,,,,,40.9,
2301,,,,,,,,,,39.5
2302,,,,,,39.8,,,,
2303,,,,,,,39.2,,,
2304,,,,,,,,40.8,,
2305,,,,28.2,,,,,,
2306,,,,,29.6,,,,,
2307,29.6,,,,,,,,,
2308,,30.9,,,,,,,,
2309,,,28.5,,,,,,,
2310,,,,,,,,,40.9,
2311,,,,,,,,,,39.6
2312,,,,,,39.8,,,,
2313,,,,,,,39.2,,,
2314,,,,,,,,40.8,,
2315,,,,28.3,,,,,,
2316,,,,,29.7,,,,,
2317,29.7,,,,,,,,,
2318,,31.0,,,,,,,,
2319,,,28.6,,,,,,,
2320,,,,,,,,,40.8,
2321,,,,,,,,,,39.5
2322,,,,,,39.8,,,,
2323,,,,,,,39.3,,,
2324,,,,,,,,40.8,,
2325,,,,28.3,,,,,,
2326,,,,,29.7,,,,,
2327,29.7,,,,,,,,,
2328,,31.0,,,,,,,,
2329,,,28.5,,,,,,,
2330,,,,,,,,,40.9,
2331,,,,,,,,,,39.5
2332,,,,,,39.8,,,,
2333,,,,,,,39.3,,,
2334,,,,,,,,40.8,,
2335,,,,28.5,,,,,,
2336,,,,,29.8,,,,,
2337,29.8,,,,,,,,,
2338,,31.1,,,,,,,,
2339,,,28.7,,,,,,,
2340,,,,,,,,,40.9,
2341,,,,,,,,,,39.6
2342,,,,,,39.8,,,,
2343,,,,,,,39.3,,,
2344,,,,,,,,40.8,,
2345,,,,28.3,,,,,,
2346,,,,,29.7,,,,,
2347,29.7,,,,,,,,,
2348,,31.0,,,,,,,,
2349,,,28.5,,,,,,,
2350,,,,,,,,,40.9,
2351,,,,,,,,,,39.5
2352,,,,,,39.8,,,,
2353,,,,,,,39.3,,,
2354,,,,,,,,40.8,,
2355,,,,28.3,,,,,,
2356,,,,,29.6,,,,,
2357,29.7,,,,,,,,,
2358,,30.9,,,,,,,,
2359,,,28.5,,,,,,,
2360,,,,,,,,,40.9,
2361,,,,,,,,,,39.6
2362,,,,,,39.8,,,,
2363,,,,,,,39.3,,,
2364,,,,,,,,40.8,,
2365,,,,28.4,,,,,,
2366,,,,,29.7,,,,,
2367,29.8,,,,,,,,,
2368,,31.0,,,,,,,,
2369,,,28.7,,,,,,,
2370,,,,,,,,,40.8,
2371,,,,,,,,,,39.6
2372,,,,,,39.8,,,,
2373,,,,,,,39.2,,,
2374,,,,,,,,40.7,,
2375,,,,28.3,,,,,,
2376,,,,,29.6,,,,,
2377,29.6,,,,,,,,,
2378,,30.9,,,,,,,,
2379,,,28.4,,,,,,,
2380,,,,,,,,,40.9,
2381,,,,,,,,,,39.5
2382,,,,,,39.8,,,,
2383,,,,,,,39.3,,,
2384,,,,,,,,40.7,,
2385,,,,28.3,,,,,,
2386,,,,,29.6,,,,,
2387,29.7,,,,,,,,,
2388,,30.9,,,,,,,,
2389,,,28.5,,,,,,,
2390,,,,,,,,,40.9,
2391,,,,,,,,,,39.5
2392,,,,,,39.8,,,,
2393,,,,,,,39.3,,,
2394,,,,,,,,40.8,,
2395,,,,28.1,,,,,,
2396,,,,,29.4,,,,,
2397,29.5,,,,,,,,,
2398,,30.7,,,,,,,,
2399,,,28.3,,,,,,,
2400,,,,,,,,,40.8,
2401,,,,,,,,,,39.5
2402,,,,,,39.8,,,,
2403,,,,,,,39.2,,,
2404,,,,,,,,40.8,,
2405,,,,28.4,,,,,,
2406,,,,,29.8,,,,,
2407,29.8,,,,,,,,,
2408,,31.1,,,,,,,,
2409,,,28.5,,,,,,,
2410,,,,,,,,,40.9,
2411,,,,,,,,,,39.5
2412,,,,,,39.8,,,,
2413,,,,,,,39.2,,,
2414,,,,,,,,40.8,,
2415,,,,28.3,,,,,,
2416,,,,,29.7,,,,,
2417,29.7,,,,,,,,,
2418,,30.9,,,,,,,,
2419,,,28.5,,,,,,,
2420,,,,,,,,,40.8,
2421,,,,,,,,,,39.5
2422,,,,,,39.8,,,,
2423,,,,,,,39.2,,,
2424,,,,,,,,40.8,,
2425,,,,28.2,,,,,,
2426,,,,,29.5,,,,,
2427,29.6,,,,,,,,,
2428,,30.8,,,,,,,,
2429,,,28.4,,,,,,,
2430,,,,,,,,,40.8,
2431,,,,,,,,,,39.5
2432,,,,,,39.8,,,,
2433,,,,,,,39.2,,,
2434,,,,,,,,40.8,,
2435,,,,28.3,,,,,,
2436,,,,,29.6,,,,,
2437,29.7,,,,,,,,,
2438,,30.9,,,,,,,,
2439,,,28.5,,,,,,,
2440,,,,,,,,,40.9,
2441,,,,,,,,,,39.5
2442,,,,,,39.8,,,,
2443,,,,,,,39.3,,,
2444,,,,,,,,40.8,,
2445,,,,28.4,,,,,,
2446,,,,,29.8,,,,,
2447,29.8,,,,,,,,,
2448,,31.0,,,,,,,,
2449,,,28.6,,,,,,,
2450,,,,,,,,,40.8,
2451,,,,,,,,,,39.5
2452,,,,,,39.8,,,,
2453,,,,,,,39.3,,,
2454,,,,,,,,40.7,,
2455,,,,28.2,,,,,,
2456,,,,,29.7,,,,,
2457,29.6,,,,,,,,,
2458,,30.8,,,,,,,,
2459,,,28.5,,,,,,,
2460,,,,,,,,,40.9,
2461,,,,,,,,,,39.5
2462,,,,,,39.8,,,,
2463,,,,,,,39.2,,,
2464,,,,,,,,40.8,,
2465,,,,28.4,,,,,,
2466,,,,,29.8,,,,,
2467,29.8,,,,,,,,,
2468,,31.1,,,,,,,,
2469,,,28.6,,,,,,,
2470,,,,,,,,,40.9,
2471,,,,,,,,,,39.5
2472,,,,,,39.8,,,,
2473,,,,,,,39.3,,,
2474,,,,,,,,40.7,,
2475,,,,28.2,,,,,,
2476,,,,,29.6,,,,,
2477,29.6,,,,,,,,,
2478,,30.8,,,,,,,,
2479,,,28.4,,,,,,,
2480,,,,,,,,,40.9,
2481,,,,,,,,,,39.5
2482,,,,,,39.8,,,,
2483,,,,,,,39.3,,,
2484,,,,,,,,40.7,,
2485,,,,28.1,,,,,,
2486,,,,,29.5,,,,,
2487,29.5,,,,,,,,,
2488,,30.7,,,,,,,,
2489,,,28.4,,,,,,,
2490,,,,,,,,,40.9,
2491,,,,,,,,,,39.5
2492,,,,,,39.8,,,,
2493,,,,,,,39.3,,,
2494,,,,,,,,40.7,,
2495,,,,28.2,,,,,,
2496,,,,,29.6,,,,,
2497,29.6,,,,,,,,,
2498,,30.7,,,,,,,,
2499,,,28.4,,,,,,,
2500,,,,,,,,,40.9,
2501,,,,,,,,,,39.5
2502,,,,,,39.8,,,,
2503,,,,,,,39.2,,,
2504,,,,,,,,40.8,,
2505,,,,28.2,,,,,,
2506,,,,,29.6,,,,,
2507,29.6,,,,,,,,,
2508,,30.8,,,,,,,,
2509,,,28.5,,,,,,,
2510,,,,,,,,,40.9,
2511,,,,,,,,,,39.5
2512,,,,,,39.8,,,,
2513,,,,,,,39.2,,,
2514,,,,,,,,40.7,,
2515,,,,28.5,,,,,,
2516,,,,,29.9,,,,,
2517,29.9,,,,,,,,,
2518,,31.2,,,,,,,,
2519,,,28.7,,,,,,,
2520,,,,,,,,,40.9,
2521,,,,,,,,,,39.5
2522,,,,,,39.8,,,,
2523,,,,,,,39.3,,,
2524,,,,,,,,40.7,,
2525,,,,28.5,,,,,,
2526,,,,,29.9,,,,,
2527,29.9,,,,,,,,,
2528,,31.0,,,,,,,,
2529,,,28.7,,,,,,,
2530,,,,,,,,,40.9,
2531,,,,,,,,,,39.5
2532,,,,,,39.8,,,,
2533,,,,,,,39.2,,,
2534,,,,,,,,40.7,,
2535,,,,28.4,,,,,,
2536,,,,,29.8,,,,,
2537,29.9,,,,,,,,,
2538,,31.0,,,,,,,,
2539,,,28.7,,,,,,,
2540,,,,,,,,,40.9,
2541,,,,,,,,,,39.5
2542,,,,,,39.7,,,,
2543,,,,,,,39.3,,,
2544,,,,,,,,40.8,,
2545,,,,28.1,,,,,,
2546,,,,,29.5,,,,,
2547,29.6,,,,,,,,,
2548,,30.7,,,,,,,,
2549,,,28.3,,,,,,,
2550,,,,,,,,,40.9,
2551,,,,,,,,,,39.5
2552,,,,,,39.8,,,,
2553,,,,,,,39.2,,,
2554,,,,,,,,40.8,,
2555,,,,28.3,,,,,,
2556,,,,,29.7,,,,,
2557,29.8,,,,,,,,,
2558,,30.9,,,,,,,,
2559,,,28.5,,,,,,,
2560,,,,,,,,,40.8,
2561,,,,,,,,,,39.5
2562,,,,,,39.7,,,,
2563,,,,,,,39.2,,,
2564,,,,,,,,40.8,,
2565,,,,28.5,,,,,,
2566,,,,,29.9,,,,,
2567,29.9,,,,,,,,,
2568,,31.1,,,,,,,,
2569,,,28.7,,,,,,,
2570,,,,,,,,,40.8,
2571,,,,,,,,,,39.5
2572,,,,,,39.7,,,,
2573,,,,,,,39.2,,,
2574,,,,,,,,40.7,,
2575,,,,28.4,,,,,,
2576,,,,,29.9,,,,,
2577,29.9,,,,,,,,,
2578,,31.1,,,,,,,,
2579,,,28.7,,,,,,,
2580,,,,,,,,,40.8,
2581,,,,,,,,,,39.5
2582,,,,,,39.7,,,,
2583,,,,,,,39.2,,,
2584,,,,,,,,40.7,,
2585,,,,28.4,,,,,,
2586,,,,,29.8,,,,,
2587,29.8,,,,,,,,,
2588,,31.0,,,,,,,,
2589,,,28.6,,,,,,,
2590,,,,,,,,,40.8,
2591,,,,,,,,,,39.4
2592,,,,,,39.8,,,,
2593,,,,,,,39.2,,,
2594,,,,,,,,40.7,,
2595,,,,28.4,,,,,,
2596,,,,,29.8,,,,,
2597,29.7,,,,,,,,,
2598,,31.0,,,,,,,,
2599,,,28.6,,,,,,,
2600,,,,,,,,,40.8,
2601,,,,,,,,,,39.5
2602,,,,,,39.7,,,,
2603,,,,,,,39.2,,,
2604,,,,,,,,40.7,,
2605,,,,28.4,,,,,,
2606,,,,,29.8,,,,,
2607,29.8,,,,,,,,,
2608,,31.0,,,,,,,,
2609,,,28.6,,,,,,,
2610,,,,,,,,,40.8,
2611,,,,,,,,,,39.4
2612,,,,,,39.7,,,,
2613,,,,,,,39.2,,,
2614,,,,,,,,40.7,,
2615,,,,28.4,,,,,,
2616,,,,,29.8,,,,,
2617,29.8,,,,,,,,,
2618,,31.0,,,,,,,,
2619,,,28.7,,,,,,,
2620,,,,,,,,,40.8,
2621,,,,,,,,,,39.4
2622,,,,,,39.7,,,,
2623,,,,,,,39.2,,,
2624,,,,,,,,40.7,,
2625,,,,28.2,,,,,,
2626,,,,,29.5,,,,,
2627,29.6,,,,,,,,,
2628,,30.8,,,,,,,,
2629,,,28.4,,,,,,,
2630,,,,,,,,,40.8,
2631,,,,,,,,,,39.4
2632,,,,,,39.8,,,,
2633,,,,,,,39.2,,,
2634,,,,,,,,40.7,,
2635,,,,28.4,,,,,,
2636,,,,,29.8,,,,,
2637,29.8,,,,,,,,,
2638,,31.0,,,,,,,,
2639,,,28.6,,,,,,,
2640,,,,,,,,,40.7,
2641,,,,,,,,,,39.5
2642,,,,,,39.7,,,,
2643,,,,,,,39.2,,,
2644,,,,,,,,40.7,,
2645,,,,28.4,,,,,,
2646,,,,,29.9,,,,,
2647,29.9,,,,,,,,,
2648,,31.0,,,,,,,,
2649,,,28.7,,,,,,,
2650,,,,,,,,,40.8,
2651,,,,,,,,,,39.5
2652,,,,,,39.7,,,,
2653,,,,,,,39.2,,,
2654,,,,,,,,40.8,,
2655,,,,28.5,,,,,,
2656,,,,,29.8,,,,,
2657,29.9,,,,,,,,,
2658,,31.1,,,,,,,,
2659,,,28.7,,,,,,,
2660,,,,,,,,,40.8,
2661,,,,,,,,,,39.4
2662,,,,,,39.7,,,,
2663,,,,,,,39.2,,,
2664,,,,,,,,40.7,,
2665,,,,28.4,,,,,,
2666,,,,,29.8,,,,,
2667,29.8,,,,,,,,,
2668,,31.0,,,,,,,,
2669,,,28.6,,,,,,,
2670,,,,,,,,,40.8,
2671,,,,,,,,,,39.5
2672,,,,,,39.8,,,,
2673,,,,,,,39.2,,,
2674,,,,,,,,40.8,,
2675,,,,28.4,,,,,,
2676,,,,,29.8,,,,,
2677,29.8,,,,,,,,,
2678,,31.0,,,,,,,,
2679,,,28.6,,,,,,,
2680,,,,,,,,,40.8,
2681,,,,,,,,,,39.5
2682,,,,,,39.8,,,,
2683,,,,,,,39.2,,,
2684,,,,,,,,40.7,,
2685,,,,28.4,,,,,,
2686,,,,,29.7,,,,,
2687,29.7,,,,,,,,,
2688,,31.0,,,,,,,,
2689,,,28.6,,,,,,,
2690,,,,,,,,,40.8,
2691,,,,,,,,,,39.5
2692,,,,,,39.8,,,,
2693,,,,,,,39.2,,,
2694,,,,,,,,40.7,,
2695,,,,28.4,,,,,,
2696,,,,,29.8,,,,,
2697,29.8,,,,,,,,,
2698,,31.0,,,,,,,,
2699,,,28.6,,,,,,,
2700,,,,,,,,,40.8,
2701,,,,,,,,,,39.5
2702,,,,,,39.8,,,,
2703,,,,,,,39.2,,,
2704,,,,,,,,40.7,,
2705,,,,28.6,,,,,,
2706,,,,,29.9,,,,,
2707,30.0,,,,,,,,,
2708,,31.2,,,,,,,,
2709,,,28.8,,,,,,,
2710,,,,,,,,,40.8,
2711,,,,,,,,,,39.5
2712,,,,,,39.8,,,,
2713,,,,,,,39.2,,,
2714,,,,,,,,40.8,,
2715,,,,28.5,,,,,,
2716,,,,,29.9,,,,,
2717,30.0,,,,,,,,,
2718,,31.2,,,,,,,,
2719,,,28.8,,,,,,,
2720,,,,,,,,,40.8,
2721,,,,,,,,,,39.5
2722,,,,,,39.8,,,,
2723,,,,,,,39.2,,,
2724,,,,,,,,40.8,,
2725,,,,28.4,,,,,,
2726,,,,,29.7,,,,,
2727,29.8,,,,,,,,,
2728,,30.9,,,,,,,,
2729,,,28.6,,,,,,,
2730,,,,,,,,,40.8,
2731,,,,,,,,,,39.5
2732,,,,,,39.8,,,,
2733,,,,,,,39.2,,,
2734,,,,,,,,40.7,,
2735,,,,28.5,,,,,,
2736,,,,,29.8,,,,,
2737,29.8,,,,,,,,,
2738,,31.1,,,,,,,,
2739,,,28.7,,,,,,,
2740,,,,,,,,,40.8,
2741,,,,,,,,,,39.5
2742,,,,,,39.8,,,,
2743,,,,,,,39.2,,,
2744,,,,,,,,40.7,,
2745,,,,28.3,,,,,,
2746,,,,,29.6,,,,,
2747,29.6,,,,,,,,,
2748,,30.8,,,,,,,,
2749,,,28.5,,,,,,,
2750,,,,,,,,,40.9,
2751,,,,,,,,,,39.5
2752,,,,,,39.8,,,,
2753,,,,,,,39.2,,,
2754,,,,,,,,40.8,,
2755,,,,28.4,,,,,,
2756,,,,,29.7,,,,,
2757,29.8,,,,,,,,,
2758,,30.9,,,,,,,,
2759,,,28.5,,,,,,,
2760,,,,,,,,,40.8,
2761,,,,,,,,,,39.5
2762,,,,,,39.8,,,,
2763,,,,,,,39.2,,,
2764,,,,,,,,40.7,,
2765,,,,28.5,,,,,,
2766,,,,,29.9,,,,,
2767,29.9,,,,,,,,,
2768,,31.1,,,,,,,,
2769,,,28.7,,,,,,,
2770,,,,,,,,,40.9,
2771,,,,,,,,,,39.5
2772,,,,,,39.8,,,,
2773,,,,,,,39.3,,,
2774,,,,,,,,40.8,,
2775,,,,28.5,,,,,,
2776,,,,,30.0,,,,,
2777,29.9,,,,,,,,,
2778,,31.1,,,,,,,,
2779,,,28.8,,,,,,,
2780,,,,,,,,,40.8,
2781,,,,,,,,,,39.5
2782,,,,,,39.8,,,,
2783,,,,,,,39.3,,,
2784,,,,,,,,40.8,,
2785,,,,28.6,,,,,,
2786,,,,,30.0,,,,,
2787,29.9,,,,,,,,,
2788,,31.2,,,,,,,,
2789,,,28.8,,,,,,,
2790,,,,,,,,,40.8,
2791,,,,,,,,,,39.5
2792,,,,,,39.8,,,,
2793,,,,,,,39.2,,,
2794,,,,,,,,40.7,,
2795,,,,28.3,,,,,,
2796,,,,,29.7,,,,,
2797,29.7,,,,,,,,,
2798,,30.9,,,,,,,,
2799,,,28.5,,,,,,,
2800,,,,,,,,,40.8,
2801,,,,,,,,,,39.5
2802,,,,,,39.8,,,,
2803,,,,,,,39.2,,,
2804,,,,,,,,40.7,,
2805,,,,28.3,,,,,,
2806,,,,,29.7,,,,,
2807,29.7,,,,,,,,,
2808,,30.8,,,,,,,,
2809,,,28.5,,,,,,,
2810,,,,,,,,,40.9,
2811,,,,,,,,,,39.5
2812,,,,,,39.8,,,,
2813,,,,,,,39.2,,,
2814,,,,,,,,40.8,,
2815,,,,28.4,,,,,,
2816,,,,,29.8,,,,,
2817,29.8,,,,,,,,,
2818,,31.0,,,,,,,,
2819,,,28.6,,,,,,,
2820,,,,,,,,,40.9,
2821,,,,,,,,,,39.5
2822,,,,,,39.8,,,,
2823,,,,,,,39.2,,,
2824,,,,,,,,40.8,,
2825,,,,28.4,,,,,,
2826,,,,,29.9,,,,,
2827,29.9,,,,,,,,,
2828,,31.2,,,,,,,,
2829,,,28.7,,,,,,,
2830,,,,,,,,,40.9,
2831,,,,,,,,,,39.5
2832,,,,,,39.8,,,,
2833,,,,,,,39.2,,,
2834,,,,,,,,40.8,,
2835,,,,28.5,,,,,,
2836,,,,,30.0,,,,,
2837,30.0,,,,,,,,,
2838,,31.2,,,,,,,,
2839,,,28.7,,,,,,,
2840,,,,,,,,,40.8,
2841,,,,,,,,,,39.5
2842,,,,,,39.8,,,,
2843,,,,,,,39.2,,,
2844,,,,,,,,40.7,,
2845,,,,28.4,,,,,,
2846,,,,,29.7,,,,,
2847,29.7,,,,,,,,,
2848,,30.9,,,,,,,,
2849,,,28.6,,,,,,,
2850,,,,,,,,,40.8,
2851,,,,,,,,,,39.5
2852,,,,,,39.7,,,,
2853,,,,,,,39.2,,,
2854,,,,,,,,40.7,,
2855,,,,28.3,,,,,,
2856,,,,,29.8,,,,,
2857,29.7,,,,,,,,,
2858,,31.0,,,,,,,,
2859,,,28.6,,,,,,,
2860,,,,,,,,,40.8,
2861,,,,,,,,,,39.5
2862,,,,,,39.8,,,,
2863,,,,,,,39.2,,,
2864,,,,,,,,40.7,,
2865,,,,28.6,,,,,,
2866,,,,,29.9,,,,,
2867,30.0,,,,,,,,,
2868,,31.2,,,,,,,,
2869,,,28.7,,,,,,,
2870,,,,,,,,,40.8,
2871,,,,,,,,,,39.5
2872,,,,,,39.8,,,,
2873,,,,,,,39.2,,,
2874,,,,,,,,40.7,,
2875,,,,28.5,,,,,,
2876,,,,,29.9,,,,,
2877,29.9,,,,,,,,,
2878,,31.1,,,,,,,,
2879,,,28.7,,,,,,,
2880,,,,,,,,,40.8,
2881,,,,,,,,,,39.5
2882,,,,,,39.7,,,,
2883,,,,,,,39.2,,,
2884,,,,,,,,40.7,,
2885,,,,28.5,,,,,,
2886,,,,,29.9,,,,,
2887,29.9,,,,,,,,,
2888,,31.1,,,,,,,,
2889,,,28.7,,,,,,,
2890,,,,,,,,,40.8,
2891,,,,,,,,,,39.4
2892,,,,,,39.8,,,,
2893,,,,,,,39.2,,,
2894,,,,,,,,40.7,,
2895,,,,28.3,,,,,,
2896,,,,,29.7,,,,,
2897,29.7,,,,,,,,,
2898,,30.9,,,,,,,,
2899,,,28.5,,,,,,,
2900,,,,,,,,,40.8,
2901,,,,,,,,,,39.5
2902,,,,,,39.8,,,,
2903,,,,,,,39.2,,,
2904,,,,,,,,40.7,,
2905,,,,28.2,,,,,,
2906,,,,,29.6,,,,,
2907,29.6,,,,,,,,,
2908,,30.8,,,,,,,,
2909,,,28.5,,,,,,,
2910,,,,,,,,,40.8,
2911,,,,,,,,,,39.4
2912,,,,,,39.8,,,,
2913,,,,,,,39.2,,,
2914,,,,,,,,40.8,,
2915,,,,28.3,,,,,,
2916,,,,,29.7,,,,,
2917,29.7,,,,,,,,,
2918,,30.8,,,,,,,,
2919,,,28.5,,,,,,,
2920,,,,,,,,,40.8,
2921,,,,,,,,,,39.4
2922,,,,,,39.7,,,,
2923,,,,,,,39.2,,,
2924,,,,,,,,40.8,,
2925,,,,28.2,,,,,,
2926,,,,,29.5,,,,,
2927,29.6,,,,,,,,,
2928,,30.8,,,,,,,,
2929,,,28.3,,,,,,,
2930,,,,,,,,,40.8,
2931,,,,,,,,,,39.5
2932,,,,,,39.8,,,,
2933,,,,,,,39.2,,,
2934,,,,,,,,40.7,,
2935,,,,28.1,,,,,,
2936,,,,,29.5,,,,,
2937,29.6,,,,,,,,,
2938,,30.8,,,,,,,,
2939,,,28.3,,,,,,,
2940,,,,,,,,,40.8,
2941,,,,,,,,,,39.5
2942,,,,,,39.8,,,,
2943,,,,,,,39.2,,,
2944,,,,,,,,40.7,,
2945,,,,28.4,,,,,,
2946,,,,,29.9,,,,,
2947,29.9,,,,,,,,,
2948,,31.1,,,,,,,,
2949,,,28.7,,,,,,,
2950,,,,,,,,,40.8,
2951,,,,,,,,,,39.5
2952,,,,,,39.8,,,,
2953,,,,,,,39.2,,,
2954,,,,,,,,40.7,,
2955,,,,28.3,,,,,,
2956,,,,,29.7,,,,,
2957,29.7,,,,,,,,,
2958,,31.0,,,,,,,,
2959,,,28.6,,,,,,,
2960,,,,,,,,,40.8,
2961,,,,,,,,,,39.5
2962,,,,,,39.8,,,,
2963,,,,,,,39.2,,,
2964,,,,,,,,40.7,,
2965,,,,28.5,,,,,,
2966,,,,,29.8,,,,,
2967,29.8,,,,,,,,,
2968,,31.1,,,,,,,,
2969,,,28.7,,,,,,,
2970,,,,,,,,,40.8,
2971,,,,,,,,,,39.5
2972,,,,,,39.8,,,,
2973,,,,,,,39.2,,,
2974,,,,,,,,40.7,,
2975,,,,28.5,,,,,,
2976,,,,,29.9,,,,,
2977,29.9,,,,,,,,,
2978,,31.1,,,,,,,,
2979,,,28.7,,,,,,,
2980,,,,,,,,,40.8,
2981,,,,,,,,,,39.5
2982,,,,,,39.8,,,,
2983,,,,,,,39.2,,,
2984,,,,,,,,40.7,,
2985,,,,28.6,,,,,,
2986,,,,,30.0,,,,,
2987,30.0,,,,,,,,,
2988,,31.2,,,,,,,,
2989,,,28.8,,,,,,,
2990,,,,,,,,,40.8,
2991,,,,,,,,,,39.5
2992,,,,,,39.8,,,,
2993,,,,,,,39.2,,,
2994,,,,,,,,40.7,,
2995,,,,28.4,,,,,,
2996,,,,,29.8,,,,,
2997,29.8,,,,,,,,,
2998,,31.0,,,,,,,,
2999,,,28.8,,,,,,,
3000,,,,,,,,,40.9,
3001,,,,,,,,,,39.5
3002,,,,,,39.8,,,,
3003,,,,,,,39.3,,,
3004,,,,,,,,40.7,,
3005,,,,28.1,,,,,,
3006,,,,,29.5,,,,,
3007,29.6,,,,,,,,,
3008,,30.8,,,,,,,,
3009,,,28.3,,,,,,,
3010,,,,,,,,,40.8,
3011,,,,,,,,,,39.5
3012,,,,,,39.7,,,,
3013,,,,,,,39.2,,,
3014,,,,,,,,40.7,,
3015,,,,28.5,,,,,,
3016,,,,,29.8,,,,,
3017,29.9,,,,,,,,,
3018,,31.1,,,,,,,,
3019,,,28.7,,,,,,,
3020,,,,,,,,,40.8,
3021,,,,,,,,,,39.5
3022,,,,,,39.8,,,,
3023,,,,,,,39.2,,,
3024,,,,,,,,40.7,,
3025,,,,28.5,,,,,,
3026,,,,,29.9,,,,,
3027,30.0,,,,,,,,,
3028,,31.3,,,,,,,,
3029,,,28.8,,,,,,,
3030,,,,,,,,,40.8,
3031,,,,,,,,,,39.5
3032,,,,,,39.8,,,,
3033,,,,,,,39.2,,,
3034,,,,,,,,40.8,,
3035,,,,28.3,,,,,,
3036,,,,,29.7,,,,,
3037,29.8,,,,,,,,,
3038,,31.0,,,,,,,,
3039,,,28.6,,,,,,,
3040,,,,,,,,,40.9,
3041,,,,,,,,,,39.5
3042,,,,,,39.7,,,,
3043,,,,,,,39.2,,,
3044,,,,,,,,40.7,,
3045,,,,28.3,,,,,,
3046,,,,,29.7,,,,,
3047,29.8,,,,,,,,,
3048,,30.9,,,,,,,,
3049,,,28.5,,,,,,,
3050,,,,,,,,,40.8,
3051,,,,,,,,,,39.5
3052,,,,,,39.7,,,,
3053,,,,,,,39.2,,,
3054,,,,,,,,40.7,,
3055,,,,28.4,,,,,,
3056,,,,,29.7,,,,,
3057,29.8,,,,,,,,,
3058,,31.1,,,,,,,,
3059,,,28.5,,,,,,,
3060,,,,,,,,,40.8,
3061,,,,,,,,,,39.4
3062,,,,,,39.7,,,,
3063,,,,,,,39.2,,,
3064,,,,,,,,40.7,,
3065,,,,28.5,,,,,,
3066,,,,,29.9,,,,,
3067,29.9,,,,,,,,,
3068,,31.1,,,,,,,,
3069,,,28.7,,,,,,,
3070,,,,,,,,,40.8,
3071,,,,,,,,,,39.5
3072,,,,,,39.7,,,,
3073,,,,,,,39.2,,,
3074,,,,,,,,40.7,,
3075,,,,28.4,,,,,,
3076,,,,,29.8,,,,,
3077,29.9,,,,,,,,,
3078,,31.1,,,,,,,,
3079,,,28.6,,,,,,,
3080,,,,,,,,,40.8,
3081,,,,,,,,,,39.5
3082,,,,,,39.7,,,,
3083,,,,,,,39.2,,,
3084,,,,,,,,40.7,,
3085,,,,28.4,,,,,,
3086,,,,,29.8,,,,,
3087,29.9,,,,,,,,,
3088,,31.1,,,,,,,,
3089,,,28.7,,,,,,,
3090,,,,,,,,,40.8,
3091,,,,,,,,,,39.4
3092,,,,,,39.7,,,,
3093,,,,,,,39.2,,,
3094,,,,,,,,40.7,,
3095,,,,28.1,,,,,,
3096,,,,,29.6,,,,,
3097,29.6,,,,,,,,,
3098,,30.9,,,,,,,,
3099,,,28.4,,,,,,,
3100,,,,,,,,,40.8,
3101,,,,,,,,,,39.4
3102,,,,,,39.8,,,,
3103,,,,,,,39.2,,,
3104,,,,,,,,40.7,,
3105,,,,28.3,,,,,,
3106,,,,,29.7,,,,,
3107,29.7,,,,,,,,,
3108,,31.0,,,,,,,,
3109,,,28.5,,,,,,,
3110,,,,,,,,,40.8,
3111,,,,,,,,,,39.4
3112,,,,,,39.7,,,,
3113,,,,,,,39.2,,,
3114,,,,,,,,40.7,,
3115,,,,28.3,,,,,,
3116,,,,,29.8,,,,,
3117,29.8,,,,,,,,,
3118,,31.1,,,,,,,,
3119,,,28.6,,,,,,,
3120,,,,,,,,,40.8,
3121,,,,,,,,,,39.4
3122,,,,,,39.7,,,,
3123,,,,,,,39.2,,,
3124,,,,,,,,40.7,,
3125,,,,28.4,,,,,,
3126,,,,,29.8,,,,,
3127,29.8,,,,,,,,,
3128,,31.0,,,,,,,,
3129,,,28.6,,,,,,,
3130,,,,,,,,,40.8,
3131,,,,,,,,,,39.4
3132,,,,,,39.7,,,,
3133,,,,,,,39.2,,,
3134,,,,,,,,40.7,,
3135,,,,28.3,,,,,,
3136,,,,,29.7,,,,,
3137,29.8,,,,,,,,,
3138,,31.0,,,,,,,,
3139,,,28.5,,,,,,,
3140,,,,,,,,,40.8,
3141,,,,,,,,,,39.4
3142,,,,,,39.7,,,,
3143,,,,,,,39.1,,,
3144,,,,,,,,40.7,,
3145,,,,28.5,,,,,,
3146,,,,,29.9,,,,,
3147,30.0,,,,,,,,,
3148,,31.2,,,,,,,,
3149,,,28.7,,,,,,,
3150,,,,,,,,,40.8,
3151,,,,,,,,,,39.4
3152,,,,,,39.7,,,,
3153,,,,,,,39.2,,,
3154,,,,,,,,40.7,,
3155,,,,28.4,,,,,,
3156,,,,,29.9,,,,,
3157,29.8,,,,,,,,,
3158,,31.1,,,,,,,,
3159,,,28.6,,,,,,,
3160,,,,,,,,,40.8,
3161,,,,,,,,,,39.4
3162,,,,,,39.7,,,,
3163,,,,,,,39.2,,,
3164,,,,,,,,40.7,,
3165,,,,28.4,,,,,,
3166,,,,,29.8,,,,,
3167,29.8,,,,,,,,,
3168,,31.0,,,,,,,,
3169,,,28.6,,,,,,,
3170,,,,,,,,,40.8,
3171,,,,,,,,,,39.4
3172,,,,,,39.8,,,,
3173,,,,,,,39.2,,,
3174,,,,,,,,40.7,,
3175,,,,28.3,,,,,,
3176,,,,,29.7,,,,,
3177,29.7,,,,,,,,,
3178,,30.9,,,,,,,,
3179,,,28.5,,,,,,,
3180,,,,,,,,,40.8,
3181,,,,,,,,,,39.4
3182,,,,,,39.7,,,,
3183,,,,,,,39.2,,,
3184,,,,,,,,40.7,,
3185,,,,28.1,,,,,,
3186,,,,,29.4,,,,,
3187,29.5,,,,,,,,,
3188,,30.7,,,,,,,,
3189,,,28.3,,,,,,,
3190,,,,,,,,,40.8,
3191,,,,,,,,,,39.4
3192,,,,,,39.7,,,,
3193,,,,,,,39.2,,,
3194,,,,,,,,40.8,,
3195,,,,28.3,,,,,,
3196,,,,,29.8,,,,,
3197,29.8,,,,,,,,,
3198,,31.0,,,,,,,,
3199,,,28.6,,,,,,,
3200,,,,,,,,,40.8,
3201,,,,,,,,,,39.4
3202,,,,,,39.7,,,,
3203,,,,,,,39.2,,,
3204,,,,,,,,40.7,,
3205,,,,28.3,,,,,,
3206,,,,,29.8,,,,,
3207,29.8,,,,,,,,,
3208,,31.1,,,,,,,,
3209,,,28.6,,,,,,,
3210,,,,,,,,,40.8,
3211,,,,,,,,,,39.4
3212,,,,,,39.7,,,,
3213,,,,,,,39.2,,,
3214,,,,,,,,40.7,,
3215,,,,28.5,,,,,,
3216,,,,,29.9,,,,,
3217,29.9,,,,,,,,,
3218,,31.2,,,,,,,,
3219,,,28.7,,,,,,,
3220,,,,,,,,,40.8,
3221,,,,,,,,,,39.4
3222,,,,,,39.7,,,,
3223,,,,,,,39.2,,,
3224,,,,,,,,40.7,,
3225,,,,28.4,,,,,,
3226,,,,,29.8,,,,,
3227,29.8,,,,,,,,,
3228,,31.1,,,,,,,,
3229,,,28.6,,,,,,,
3230,,,,,,,,,40.8,
3231,,,,,,,,,,39.4
3232,,,,,,39.7,,,,
3233,,,,,,,39.2,,,
3234,,,,,,,,40.7,,
3235,,,,28.2,,,,,,
3236,,,,,29.7,,,,,
3237,29.7,,,,,,,,,
3238,,31.0,,,,,,,,
3239,,,28.5,,,,,,,
3240,,,,,,,,,40.8,
3241,,,,,,,,,,39.4
3242,,,,,,39.7,,,,
3243,,,,,,,39.2,,,
3244,,,,,,,,40.7,,
3245,,,,28.3,,,,,,
3246,,,,,29.7,,,,,
3247,29.8,,,,,,,,,
3248,,31.0,,,,,,,,
3249,,,28.5,,,,,,,
3250,,,,,,,,,40.8,
3251,,,,,,,,,,39.4
3252,,,,,,39.7,,,,
3253,,,,,,,39.2,,,
3254,,,,,,,,40.7,,
3255,,,,28.4,,,,,,
3256,,,,,29.7,,,,,
3257,29.8,,,,,,,,,
3258,,31.0,,,,,,,,
3259,,,28.6,,,,,,,
3260,,,,,,,,,40.8,
3261,,,,,,,,,,39.5
3262,,,,,,39.7,,,,
3263,,,,,,,39.2,,,
3264,,,,,,,,40.7,,
3265,,,,28.4,,,,,,
3266,,,,,29.7,,,,,
3267,29.8,,,,,,,,,
3268,,30.9,,,,,,,,
3269,,,28.6,,,,,,,
3270,,,,,,,,,40.8,
3271,,,,,,,,,,39.5
3272,,,,,,39.7,,,,
3273,,,,,,,39.2,,,
3274,,,,,,,,40.7,,
3275,,,,28.4,,,,,,
3276,,,,,29.7,,,,,
3277,29.9,,,,,,,,,
3278,,31.0,,,,,,,,
3279,,,28.6,,,,,,,
